Pclass_3.0,Pclass_2.0,Pclass_1.0,Sex_male,Sex_female,Age,SibSp_0.0,SibSp_4.0,SibSp_1.0,SibSp_2.0,SibSp_8.0,SibSp_5.0,SibSp_3.0,Parch_0.0,Parch_5.0,Parch_1.0,Parch_2.0,Parch_4.0,Parch_3.0,Fare,Embarked_S,Embarked_Q,Embarked_C
1,0,0,1,0,0.5334031048316763,1,0,0,0,0,0,0,1,0,0,0,0,0,0.11845922260278147,1,0,0
1,0,0,0,1,0.6729461015175301,1,0,0,0,0,0,0,0,1,0,0,0,0,0.4437459624830881,0,1,0
1,0,0,1,0,0.42874585731728587,1,0,0,0,0,0,0,1,0,0,0,0,0,0.11928500908060408,0,1,0
1,0,0,1,0,0.11477411477411477,0,1,0,0,0,0,0,0,0,1,0,0,0,0.6046752922248089,1,0,0
0,1,0,1,0,0.5159602302459445,1,0,0,0,0,0,0,1,0,0,0,0,0,0.1980668673744256,1,0,0
0,0,1,0,1,0.6031746031746031,1,0,0,0,0,0,0,0,0,1,0,0,0,0.8379752081225699,1,0,0
0,0,1,0,1,0.42874585731728587,0,0,1,0,0,0,0,0,0,0,1,0,0,1.0,1,0,0
0,0,1,1,0,0.008721437292865866,0,0,1,0,0,0,0,0,0,0,1,0,0,1.0,1,0,0
0,0,1,0,1,0.6555032269317983,0,0,1,0,0,0,0,1,0,0,0,0,0,1.0,0,0,1
0,0,1,0,1,0.5159602302459445,1,0,0,0,0,0,0,1,0,0,0,0,0,1.0,1,0,0
0,1,0,1,0,0.6206174777603349,0,0,1,0,0,0,0,0,0,0,1,0,0,0.42279658228002387,1,0,0
0,1,0,0,1,0.0798883656026513,0,0,1,0,0,0,0,0,0,0,1,0,0,0.42279658228002387,1,0,0
0,1,0,0,1,0.23687423687423687,0,0,1,0,0,0,0,1,0,0,0,0,0,0.4581560888802213,0,0,1
1,0,0,1,0,0.34153148438862724,1,0,0,0,0,0,0,1,0,0,0,0,0,0.1405512962714674,1,0,0
0,0,1,1,0,0.5334031048316763,0,0,1,0,0,0,0,1,0,0,0,0,0,0.8684470338724815,1,0,0
1,0,0,1,0,0.42874585731728587,1,0,0,0,0,0,0,1,0,0,0,0,0,0.11807832478090757,0,1,0
1,0,0,1,0,0.7601604744461887,1,0,0,0,0,0,0,1,0,0,0,0,0,0.12074460953402483,1,0,0
1,0,0,1,0,0.6729461015175301,0,0,1,0,0,0,0,0,1,0,0,0,0,0.4765031751642431,1,0,0
0,1,0,0,1,0.7252747252747253,1,0,0,0,0,0,0,1,0,0,0,0,0,0.1980668673744256,1,0,0
0,0,1,0,1,0.3066457352171638,0,0,0,1,0,0,0,0,0,0,1,0,0,1.0,0,0,1
1,0,0,1,0,0.34153148438862724,0,0,1,0,0,0,0,0,0,1,0,0,0,0.23983916970369196,0,0,1
1,0,0,1,0,0.04500261643118786,0,1,0,0,0,0,0,0,0,0,1,0,0,0.47821721536267564,1,0,0
0,0,1,1,0,0.4461887319030176,1,0,0,0,0,0,0,1,0,0,0,0,0,0.45707738624867444,0,0,1
1,0,0,1,0,0.42874585731728587,1,0,0,0,0,0,0,1,0,0,0,0,0,0.11845922260278147,1,0,0
0,1,0,0,1,0.5334031048316763,0,0,1,0,0,0,0,0,0,1,0,0,0,0.39994271296759015,1,0,0
1,0,0,1,0,0.3764172335600907,1,0,0,0,0,0,0,1,0,0,0,0,0,0.11014346135563058,0,0,1
1,0,0,1,0,0.6903889761032618,0,0,1,0,0,0,0,0,0,0,0,1,0,0.42508196921126723,1,0,0
0,0,1,1,0,0.8124890982033839,1,0,0,0,0,0,0,1,0,0,0,0,0,0.3898489206879319,1,0,0
0,1,0,0,1,0.3066457352171638,1,0,0,0,0,0,0,0,0,0,1,0,0,0.1980668673744256,1,0,0
0,1,0,0,1,0.5857317285888715,1,0,0,0,0,0,0,1,0,0,0,0,0,0.15997708518703607,1,0,0
0,0,1,0,1,0.3764172335600907,1,0,0,0,0,0,0,0,0,0,1,0,0,0.7541776873103129,0,0,1
1,0,0,0,1,0.34153148438862724,1,0,0,0,0,0,0,1,0,0,0,0,0,0.13198109527930474,1,0,0
1,0,0,1,0,0.5682888540031397,1,0,0,0,0,0,0,1,0,0,0,0,0,0.13185463720244261,1,0,0
0,0,1,1,0,0.6555032269317983,1,0,0,0,0,0,0,1,0,0,0,0,0,0.0,1,0,0
0,1,0,1,0,0.3066457352171638,1,0,0,0,0,0,0,1,0,0,0,0,0,1.0,1,0,0
1,0,0,1,0,0.42874585731728587,1,0,0,0,0,0,0,1,0,0,0,0,0,0.11807832478090757,0,1,0
1,0,0,1,0,0.5944531658817374,1,0,0,0,0,0,0,1,0,0,0,0,0,0.09808118913252806,0,0,1
1,0,0,1,0,0.35025292168149313,1,0,0,0,0,0,0,1,0,0,0,0,0,0.11046036834342966,1,0,0
0,0,1,0,1,0.6729461015175301,0,0,1,0,0,0,0,0,0,1,0,0,0,1.0,0,0,1
1,0,0,1,0,0.4461887319030176,1,0,0,0,0,0,0,1,0,0,0,0,0,0.120173262801214,1,0,0
0,0,1,0,1,0.5334031048316763,1,0,0,0,0,0,0,0,0,0,1,0,0,1.0,1,0,0
1,0,0,0,1,0.14965986394557823,0,1,0,0,0,0,0,0,0,0,1,0,0,0.4765031751642431,1,0,0
0,0,1,1,0,0.9694749694749695,1,0,0,0,0,0,0,1,0,0,0,0,0,0.5408749070609314,0,0,1
1,0,0,1,0,0.18454561311704168,1,0,0,0,0,0,0,1,0,0,0,0,0,0.2862447131382324,0,0,1
1,0,0,1,0,0.5857317285888715,1,0,0,0,0,0,0,1,0,0,0,0,0,0.09896944285313798,1,0,0
0,1,0,0,1,0.5857317285888715,1,0,0,0,0,0,0,1,0,0,0,0,0,0.1980668673744256,1,0,0
1,0,0,0,1,0.27175998604570034,1,0,0,0,0,0,0,1,0,0,0,0,0,0.1178238850358958,0,1,0
1,0,0,0,1,0.42874585731728587,1,0,0,0,0,0,0,1,0,0,0,0,0,0.11845922260278147,1,0,0
1,0,0,1,0,0.39386010814582245,1,0,0,0,0,0,0,1,0,0,0,0,0,0.11966590690247796,1,0,0
1,0,0,1,0,0.14965986394557823,0,0,1,0,0,0,0,0,0,1,0,0,0,0.24225101471179747,1,0,0
1,0,0,1,0,0.42874585731728587,0,0,1,0,0,0,0,1,0,0,0,0,0,0.2711992491742135,1,0,0
0,0,1,0,1,0.5159602302459445,1,0,0,0,0,0,0,1,0,0,0,0,0,0.4723132991236303,0,0,1
0,1,0,1,0,0.3240886098028955,0,0,1,0,0,0,0,0,0,1,0,0,0,0.5599197981546262,1,0,0
1,0,0,0,1,0.3240886098028955,1,0,0,0,0,0,0,1,0,0,0,0,0,0.12004680472435186,0,1,0
0,1,0,1,0,0.358974358974359,1,0,0,0,0,0,0,1,0,0,0,0,0,1.0,1,0,0
0,1,0,0,1,0.550845979417408,1,0,0,0,0,0,0,1,0,0,0,0,0,0.1980668673744256,1,0,0
1,0,0,0,1,0.09733124018838304,0,1,0,0,0,0,0,0,0,0,1,0,0,0.4765031751642431,1,0,0
0,1,0,0,1,0.6031746031746031,1,0,0,0,0,0,0,1,0,0,0,0,0,0.31995417037407214,1,0,0
0,1,0,1,0,0.010116867259724403,0,0,0,1,0,0,0,0,0,1,0,0,0,0.5942006021232767,1,0,0
1,0,0,0,1,0.3676957962672248,1,0,0,0,0,0,0,1,0,0,0,0,0,0.11807832478090757,0,1,0
0,1,0,1,0,0.550845979417408,0,0,1,0,0,0,0,1,0,0,0,0,0,0.3961337347488512,1,0,0
0,1,0,1,0,0.5159602302459445,1,0,0,0,0,0,0,1,0,0,0,0,0,0.0,1,0,0
0,0,1,0,1,0.7078318506889936,1,0,0,0,0,0,0,1,0,0,0,0,0,1.0,0,0,1
1,0,0,0,1,0.4461887319030176,1,0,0,0,0,0,0,1,0,0,0,0,0,0.12074460953402483,1,0,0
1,0,0,1,0,0.4985173556602128,1,0,0,0,0,0,0,1,0,0,0,0,0,0.11998281389027704,1,0,0
0,1,0,1,0,0.8299319727891157,1,0,0,0,0,0,0,1,0,0,0,0,0,0.1980668673744256,1,0,0
1,0,0,1,0,0.42874585731728587,1,0,0,0,0,0,0,1,0,0,0,0,0,0.11014346135563058,0,0,1
0,1,0,1,0,0.5334031048316763,0,0,1,0,0,0,0,0,0,1,0,0,0,0.56379276720744,0,0,1
1,0,0,1,0,0.3764172335600907,1,0,0,0,0,0,0,1,0,0,0,0,0,0.10855587923406018,1,0,0
0,0,1,0,1,0.6729461015175301,0,0,1,0,0,0,0,0,0,1,0,0,0,1.0,1,0,0
0,0,1,0,1,0.27175998604570034,1,0,0,0,0,0,0,0,0,1,0,0,0,0.6002949672732592,1,0,0
0,0,1,0,1,0.934589220303506,0,0,1,0,0,0,0,1,0,0,0,0,0,0.9050132247723754,0,0,1
0,0,1,1,0,0.934589220303506,1,0,0,0,0,0,0,0,0,1,0,0,0,1.0,1,0,0
0,1,0,1,0,0.42874585731728587,0,0,1,0,0,0,0,1,0,0,0,0,0,0.3961337347488512,1,0,0
1,0,0,1,0,0.2543171114599686,0,0,1,0,0,0,0,0,0,1,0,0,0,0.11014346135563058,0,0,1
1,0,0,1,0,0.4810744810744811,1,0,0,0,0,0,0,1,0,0,0,0,0,0.14474117231208025,1,0,0
1,0,0,0,1,0.02755974184545613,1,0,0,0,0,0,0,0,0,1,0,0,0,0.18721127945101956,1,0,0
1,0,0,1,0,0.14965986394557823,1,0,0,0,0,0,0,0,0,0,1,0,0,0.31271711175846806,1,0,0
1,0,0,1,0,0.42874585731728587,0,0,1,0,0,0,0,1,0,0,0,0,0,0.11845922260278147,1,0,0
1,0,0,0,1,0.06244549101691958,1,0,0,0,0,0,0,0,0,1,0,0,0,0.2044156722694197,0,0,1
1,0,0,0,1,0.3066457352171638,1,0,0,0,0,0,0,0,0,1,0,0,0,0.14245578538083686,1,0,0
0,0,1,1,0,0.6206174777603349,1,0,0,0,0,0,0,0,0,1,0,0,0,1.0,0,0,1
1,0,0,1,0,0.42874585731728587,1,0,0,0,0,0,0,1,0,0,0,0,0,0.10588959448094291,0,1,0
1,0,0,1,0,0.3240886098028955,1,0,0,0,0,0,0,1,0,0,0,0,0,0.12429914800775203,1,0,0
1,0,0,1,0,0.46363160648874935,0,0,1,0,0,0,0,1,0,0,0,0,0,0.22022293187718633,0,0,1
0,1,0,1,0,0.4810744810744811,1,0,0,0,0,0,0,1,0,0,0,0,0,0.2056848238119035,1,0,0
0,1,0,0,1,0.4113029827315542,1,0,0,0,0,0,0,1,0,0,0,0,0,0.1980668673744256,1,0,0
0,0,1,0,1,0.4985173556602128,1,0,0,0,0,0,0,1,0,0,0,0,0,1.0,1,0,0
1,0,0,0,1,0.5334031048316763,0,0,1,0,0,0,0,1,0,0,0,0,0,0.27424643174920466,1,0,0
0,1,0,0,1,0.358974358974359,1,0,0,0,0,0,0,1,0,0,0,0,0,0.15997708518703607,1,0,0
0,1,0,1,0,0.9869178440607012,1,0,0,0,0,0,0,1,0,0,0,0,0,0.18816352400570432,0,1,0
0,1,0,0,1,0.7601604744461887,0,0,1,0,0,0,0,1,0,0,0,0,0,0.3961337347488512,1,0,0
0,0,1,1,0,0.46363160648874935,1,0,0,0,0,0,0,1,0,0,0,0,0,1.0,0,0,1
1,0,0,1,0,0.3066457352171638,0,0,1,0,0,0,0,1,0,0,0,0,0,0.09896944285313798,1,0,0
0,0,1,0,1,0.3764172335600907,0,0,1,0,0,0,0,1,0,0,0,0,0,1.0,1,0,0
1,0,0,0,1,0.3676957962672248,1,0,0,0,0,0,0,1,0,0,0,0,0,0.1150311422059164,1,0,0
1,0,0,0,1,0.3764172335600907,1,0,0,0,0,0,0,1,0,0,0,0,0,0.14988329290737784,1,0,0
1,0,0,1,0,0.42874585731728587,1,0,0,0,0,0,0,1,0,0,0,0,0,0.8607650866009288,1,0,0
1,0,0,1,0,0.4113029827315542,1,0,0,0,0,0,0,1,0,0,0,0,0,0.1142053557280938,1,0,0
0,1,0,1,0,0.46363160648874935,1,0,0,0,0,0,0,1,0,0,0,0,0,0.1980668673744256,1,0,0
1,0,0,1,0,0.3240886098028955,1,0,0,0,0,0,0,1,0,0,0,0,0,0.0,1,0,0
1,0,0,1,0,0.42874585731728587,0,0,0,0,1,0,0,0,0,0,1,0,0,1.0,1,0,0
0,1,0,0,1,0.6903889761032618,0,0,1,0,0,0,0,0,0,1,0,0,0,0.5942006021232767,1,0,0
1,0,0,1,0,0.42874585731728587,1,0,0,0,0,0,0,1,0,0,0,0,0,0.1114126128981144,1,0,0
1,0,0,1,0,0.42874585731728587,0,0,1,0,0,0,0,1,0,0,0,0,0,0.11807832478090757,0,1,0
0,1,0,1,0,0.934589220303506,1,0,0,0,0,0,0,1,0,0,0,0,0,0.2133027802493814,1,0,0
1,0,0,0,1,0.3676957962672248,0,0,1,0,0,0,0,0,0,0,1,0,0,0.35728215691771387,1,0,0
1,0,0,0,1,0.358974358974359,0,0,1,0,0,0,0,1,0,0,0,0,0,0.14969284399644087,1,0,0
0,0,1,1,0,0.6206174777603349,0,0,1,0,0,0,0,0,0,0,1,0,0,1.0,1,0,0
0,0,1,1,0,0.6729461015175301,1,0,0,0,0,0,0,1,0,0,0,0,0,0.0,1,0,0
0,1,0,0,1,0.5857317285888715,1,0,0,0,0,0,0,0,0,1,0,0,0,0.35042599612398373,1,0,0
1,0,0,1,0,0.02755974184545613,0,1,0,0,0,0,0,0,0,1,0,0,0,0.4437459624830881,0,1,0
0,1,0,1,0,0.27175998604570034,1,0,0,0,0,0,0,1,0,0,0,0,0,0.15997708518703607,1,0,0
0,0,1,0,1,0.358974358974359,1,0,0,0,0,0,0,1,0,0,0,0,0,1.0,1,0,0
0,0,1,1,0,0.8124890982033839,1,0,0,0,0,0,0,1,0,0,0,0,0,0.7922674694977024,1,0,0
1,0,0,1,0,0.5159602302459445,1,0,0,0,0,0,0,1,0,0,0,0,0,0.11007947052155576,0,0,1
1,0,0,1,0,0.5334031048316763,1,0,0,0,0,0,0,1,0,0,0,0,0,0.11807832478090757,0,1,0
0,0,1,0,1,0.8822605965463108,0,0,1,0,0,0,0,1,0,0,0,0,0,1.0,1,0,0
1,0,0,1,0,0.34153148438862724,1,0,0,0,0,0,0,1,0,0,0,0,0,0.11014346135563058,0,0,1
0,1,0,1,0,0.5334031048316763,1,0,0,0,0,0,0,1,0,0,0,0,0,0.15997708518703607,1,0,0
0,1,0,1,0,0.7950462236176522,1,0,0,0,0,0,0,1,0,0,0,0,0,0.3961337347488512,1,0,0
0,1,0,1,0,0.5857317285888715,1,0,0,0,0,0,0,1,0,0,0,0,0,0.1980668673744256,1,0,0
1,0,0,1,0,0.6903889761032618,1,0,0,0,0,0,0,1,0,0,0,0,0,0.12029972087807612,1,0,0
1,0,0,1,0,0.5857317285888715,1,0,0,0,0,0,0,1,0,0,0,0,0,0.12264909864339432,1,0,0
0,1,0,1,0,0.6031746031746031,1,0,0,0,0,0,0,1,0,0,0,0,0,0.3961337347488512,1,0,0
1,0,0,0,1,0.3676957962672248,0,0,1,0,0,0,0,1,0,0,0,0,0,0.22028539911997366,0,0,1
0,1,0,0,1,0.46363160648874935,0,0,1,0,0,0,0,1,0,0,0,0,0,0.31995417037407214,1,0,0
0,1,0,0,1,0.3240886098028955,0,0,1,0,0,0,0,1,0,0,0,0,0,0.3961337347488512,1,0,0
1,0,0,1,0,0.42874585731728587,1,0,0,0,0,0,0,1,0,0,0,0,0,0.12029972087807612,0,0,1
1,0,0,0,1,0.3240886098028955,0,0,1,0,0,0,0,1,0,0,0,0,0,0.11966590690247796,1,0,0
0,0,1,0,1,0.7601604744461887,1,0,0,0,0,0,0,0,0,1,0,0,0,0.8833660397596382,0,0,1
0,0,1,0,1,0.8299319727891157,1,0,0,0,0,0,0,1,0,0,0,0,0,0.39505503211730436,1,0,0
1,0,0,0,1,0.3764172335600907,1,0,0,0,0,0,0,1,0,0,0,0,0,0.16023152493204781,1,0,0
1,0,0,0,1,0.23687423687423687,0,0,1,0,0,0,0,1,0,0,0,0,0,0.17127756176639078,0,0,1
1,0,0,1,0,0.6729461015175301,1,0,0,0,0,0,0,1,0,0,0,0,0,0.12074460953402483,1,0,0
0,0,1,1,0,0.42874585731728587,0,0,1,0,0,0,0,1,0,0,0,0,0,1.0,0,0,1
1,0,0,1,0,0.6206174777603349,0,0,1,0,0,0,0,0,0,1,0,0,0,0.36794729593018294,1,0,0
0,0,1,1,0,0.550845979417408,1,0,0,0,0,0,0,1,0,0,0,0,0,0.46469534268615237,0,0,1
0,0,1,1,0,0.7252747252747253,0,0,1,0,0,0,0,1,0,0,0,0,0,0.7922674694977024,1,0,0
1,0,0,1,0,0.6031746031746031,1,0,0,0,0,0,0,1,0,0,0,0,0,0.12029972087807612,0,0,1
1,0,0,0,1,0.06244549101691958,1,0,0,0,0,0,0,0,0,0,1,0,0,0.33557098107090183,1,0,0
1,0,0,1,0,0.7252747252747253,1,0,0,0,0,0,0,0,0,1,0,0,0,0.12804565898370365,1,0,0
1,0,0,1,0,0.3240886098028955,1,0,0,0,0,0,0,1,0,0,0,0,0,0.10284241190595175,0,1,0
1,0,0,0,1,0.02755974184545613,1,0,0,0,0,0,0,0,0,1,0,0,0,0.15940573845422523,1,0,0
0,0,1,1,0,1.0,0,0,1,0,0,0,0,0,0,1,0,0,0,1.0,1,0,0
1,0,0,1,0,1.0,1,0,0,0,0,0,0,1,0,0,0,0,0,0.11845922260278147,1,0,0
1,0,0,0,1,0.005756148613291471,0,0,0,1,0,0,0,0,0,1,0,0,0,0.29341778091976156,0,0,1
0,1,0,0,1,0.7776033490319204,1,0,0,0,0,0,0,1,0,0,0,0,0,0.2056848238119035,1,0,0
1,0,0,0,1,0.46363160648874935,1,0,0,0,0,0,0,1,0,0,0,0,0,0.12074460953402483,1,0,0
1,0,0,0,1,0.010116867259724403,1,0,0,0,0,0,0,0,0,0,1,0,0,0.23983916970369196,0,0,1
1,0,0,1,0,0.23687423687423687,0,1,0,0,0,0,0,0,0,1,0,0,0,0.6046752922248089,1,0,0
0,0,1,0,1,0.6031746031746031,0,0,1,0,0,0,0,1,0,0,0,0,0,1.0,1,0,0
1,0,0,1,0,0.8822605965463108,1,0,0,0,0,0,0,1,0,0,0,0,0,0.11807832478090757,1,0,0
0,0,1,1,0,0.6555032269317983,1,0,0,0,0,0,0,0,0,1,0,0,0,1.0,1,0,0
0,0,1,1,0,0.4810744810744811,1,0,0,0,0,0,0,1,0,0,0,0,0,0.7176114964104189,1,0,0
0,1,0,0,1,0.11477411477411477,1,0,0,0,0,0,0,0,0,0,1,0,0,0.39994271296759015,1,0,0
1,0,0,1,0,0.42874585731728587,1,0,0,0,0,0,0,1,0,0,0,0,0,0.13274289092305255,0,0,1
0,1,0,1,0,0.5857317285888715,1,0,0,0,0,0,0,1,0,0,0,0,0,0.1980668673744256,1,0,0
1,0,0,1,0,0.6555032269317983,1,0,0,0,0,0,0,1,0,0,0,0,0,0.13198109527930474,1,0,0
1,0,0,1,0,0.2892028606314321,0,0,1,0,0,0,0,1,0,0,0,0,0,0.10747717660251331,1,0,0
0,1,0,1,0,0.4113029827315542,1,0,0,0,0,0,0,1,0,0,0,0,0,0.15997708518703607,1,0,0
1,0,0,1,0,0.42874585731728587,1,0,0,0,0,0,0,1,0,0,0,0,0,0.23615664956181515,0,1,0
1,0,0,0,1,0.3066457352171638,1,0,0,0,0,0,0,1,0,0,0,0,0,0.14994728374145264,1,0,0
1,0,0,1,0,0.4113029827315542,0,0,0,1,0,0,0,1,0,0,0,0,0,0.36794729593018294,1,0,0
0,1,0,1,0,0.5159602302459445,1,0,0,0,0,0,0,1,0,0,0,0,0,0.15997708518703607,1,0,0
0,1,0,0,1,0.4113029827315542,0,0,0,1,0,0,0,0,0,1,0,0,0,0.411369647623807,1,0,0
0,1,0,0,1,0.4461887319030176,0,0,1,0,0,0,0,0,0,1,0,0,0,0.3961337347488512,1,0,0
1,0,0,1,0,0.42874585731728587,1,0,0,0,0,0,0,1,0,0,0,0,0,0.12360134319807906,1,0,0
1,0,0,0,1,0.3764172335600907,1,0,0,0,0,0,0,1,0,0,0,0,0,0.11046036834342966,1,0,0
1,0,0,1,0,0.358974358974359,1,0,0,0,0,0,0,1,0,0,0,0,0,0.11884012042465536,1,0,0
1,0,0,0,1,0.4113029827315542,1,0,0,0,0,0,0,0,0,0,0,0,1,0.29341778091976156,0,0,1
0,0,1,1,0,0.6903889761032618,1,0,0,0,0,0,0,1,0,0,0,0,0,0.40451348683007693,1,0,0
0,0,1,0,1,0.27175998604570034,1,0,0,0,0,0,0,1,0,0,0,0,0,1.0,1,0,0
0,1,0,1,0,0.4985173556602128,0,0,1,0,0,0,0,1,0,0,0,0,0,0.31995417037407214,1,0,0
0,0,1,0,1,0.6031746031746031,0,0,1,0,0,0,0,1,0,0,0,0,0,0.8090269736601539,1,0,0
1,0,0,1,0,0.4113029827315542,0,0,1,0,0,0,0,1,0,0,0,0,0,0.24529819728678864,1,0,0
1,0,0,1,0,1.0,1,0,0,0,0,0,0,1,0,0,0,0,0,0.0950340065575369,1,0,0
0,1,0,1,0,0.8124890982033839,1,0,0,0,0,0,0,1,0,0,0,0,0,0.22853869312433722,1,0,0
0,0,1,0,1,0.39386010814582245,0,0,1,0,0,0,0,1,0,0,0,0,0,1.0,0,0,1
1,0,0,1,0,0.6555032269317983,1,0,0,0,0,0,0,1,0,0,0,0,0,0.10741318576843849,1,0,0
0,1,0,1,0,0.6380603523460666,0,0,1,0,0,0,0,1,0,0,0,0,0,0.3961337347488512,1,0,0
1,0,0,1,0,0.6206174777603349,1,0,0,0,0,0,0,1,0,0,0,0,0,0.1142053557280938,1,0,0
1,0,0,1,0,0.5159602302459445,0,0,1,0,0,0,0,1,0,0,0,0,0,0.24529819728678864,1,0,0
1,0,0,0,1,0.27175998604570034,0,0,0,0,0,1,0,0,0,0,1,0,0,0.7145643138354277,1,0,0
1,0,0,1,0,0.4985173556602128,1,0,0,0,0,0,0,1,0,0,0,0,0,0.14448673256706848,1,0,0
0,1,0,1,0,0.550845979417408,1,0,0,0,0,0,0,1,0,0,0,0,0,0.15997708518703607,1,0,0
1,0,0,0,1,0.02755974184545613,0,1,0,0,0,0,0,0,0,0,1,0,0,0.4765031751642431,1,0,0
1,0,0,1,0,0.4113029827315542,1,0,0,0,0,0,0,1,0,0,0,0,0,0.11877612959058054,1,0,0
1,0,0,1,0,0.42874585731728587,1,0,0,0,0,0,0,1,0,0,0,0,0,0.14474117231208025,1,0,0
1,0,0,0,1,0.2892028606314321,1,0,0,0,0,0,0,1,0,0,0,0,0,0.22028539911997366,0,0,1
1,0,0,1,0,0.5682888540031397,1,0,0,0,0,0,0,1,0,0,0,0,0,0.13198109527930474,0,0,1
1,0,0,1,0,1.0,1,0,0,0,0,0,0,1,0,0,0,0,0,0.11046036834342966,1,0,0
1,0,0,1,0,0.4985173556602128,1,0,0,0,0,0,0,1,0,0,0,0,0,0.11845922260278147,1,0,0
0,0,1,0,1,0.9171463457177743,0,0,0,1,0,0,0,1,0,0,0,0,0,0.7843326060724254,1,0,0
1,0,0,1,0,0.358974358974359,1,0,0,0,0,0,0,1,0,0,0,0,0,0.11966590690247796,1,0,0
1,0,0,1,0,0.42874585731728587,0,0,1,0,0,0,0,1,0,0,0,0,0,0.23615664956181515,0,1,0
0,0,1,1,0,0.6380603523460666,1,0,0,0,0,0,0,0,0,1,0,0,0,0.4525066123861877,0,0,1
0,1,0,1,0,0.3066457352171638,1,0,0,0,0,0,0,1,0,0,0,0,0,0.1980668673744256,1,0,0
0,0,1,1,0,0.6903889761032618,1,0,0,0,0,0,0,1,0,0,0,0,0,0.0,1,0,0
0,0,1,1,0,0.4985173556602128,1,0,0,0,0,0,0,1,0,0,0,0,0,0.45707738624867444,1,0,0
1,0,0,1,0,0.42874585731728587,1,0,0,0,0,0,0,1,0,0,0,0,0,0.11845922260278147,1,0,0
0,0,1,1,0,0.6031746031746031,1,0,0,0,0,0,0,1,0,0,0,0,0,1.0,0,0,1
1,0,0,1,0,0.8822605965463108,1,0,0,0,0,0,0,1,0,0,0,0,0,0.12264909864339432,1,0,0
0,1,0,1,0,0.7601604744461887,0,0,1,0,0,0,0,1,0,0,0,0,0,0.3961337347488512,1,0,0
1,0,0,1,0,0.358974358974359,1,0,0,0,0,0,0,1,0,0,0,0,0,0.24529819728678864,1,0,0
1,0,0,1,0,0.3066457352171638,1,0,0,0,0,0,0,1,0,0,0,0,0,0.12264909864339432,1,0,0
1,0,0,1,0,0.550845979417408,1,0,0,0,0,0,0,1,0,0,0,0,0,0.12264909864339432,1,0,0
1,0,0,1,0,0.27175998604570034,1,0,0,0,0,0,0,1,0,0,0,0,0,0.11845922260278147,1,0,0
0,1,0,1,0,0.42874585731728587,1,0,0,0,0,0,0,1,0,0,0,0,0,0.1980668673744256,1,0,0
1,0,0,1,0,0.42874585731728587,1,0,0,0,0,0,0,1,0,0,0,0,0,0.22092073668685933,1,0,0
1,0,0,1,0,0.42874585731728587,1,0,0,0,0,0,0,1,0,0,0,0,0,0.11046036834342966,1,0,0
0,0,1,1,0,0.5334031048316763,0,0,1,0,0,0,0,1,0,0,0,0,0,0.7922674694977024,1,0,0
0,1,0,0,1,0.42874585731728587,1,0,0,0,0,0,0,0,0,1,0,0,0,0.3961337347488512,1,0,0
0,0,1,1,0,0.6903889761032618,1,0,0,0,0,0,0,1,0,0,0,0,0,0.7922674694977024,1,0,0
0,0,1,0,1,0.4461887319030176,1,0,0,0,0,0,0,1,0,0,0,0,0,1.0,1,0,0
0,1,0,1,0,1.0,1,0,0,0,0,0,0,1,0,0,0,0,0,0.2056848238119035,1,0,0
1,0,0,0,1,0.3676957962672248,1,0,0,0,0,0,0,1,0,0,0,0,0,0.11014346135563058,0,0,1
1,0,0,1,0,0.6380603523460666,0,0,0,1,0,0,0,1,0,0,0,0,0,0.12074460953402483,1,0,0
1,0,0,1,0,0.7601604744461887,1,0,0,0,0,0,0,0,0,1,0,0,0,0.24529819728678864,1,0,0
1,0,0,0,1,0.3676957962672248,0,0,1,0,0,0,0,1,0,0,0,0,0,0.23615664956181515,0,1,0
1,0,0,1,0,0.4810744810744811,1,0,0,0,0,0,0,1,0,0,0,0,0,0.11966590690247796,1,0,0
0,0,1,1,0,0.8473748473748474,0,0,1,0,0,0,0,0,0,1,0,0,0,1.0,0,0,1
1,0,0,0,1,0.0798883656026513,1,0,0,0,0,0,0,1,0,0,0,0,0,0.1900680131150738,1,0,0
1,0,0,1,0,0.550845979417408,1,0,0,0,0,0,0,1,0,0,0,0,0,0.12074460953402483,1,0,0
1,0,0,0,1,1.0,1,0,0,0,0,0,0,1,0,0,0,0,0,0.14607431468863888,1,0,0
0,1,0,1,0,1.0,0,0,1,0,0,0,0,0,0,1,0,0,0,0.5942006021232767,1,0,0
1,0,0,1,0,0.42874585731728587,1,0,0,0,0,0,0,1,0,0,0,0,0,0.1178238850358958,0,1,0
0,0,1,1,0,0.6380603523460666,0,0,1,0,0,0,0,0,0,1,0,0,0,0.8007112124130029,1,0,0
1,0,0,1,0,0.4461887319030176,1,0,0,0,0,0,0,1,0,0,0,0,0,0.12264909864339432,1,0,0
1,0,0,1,0,0.5682888540031397,1,0,0,0,0,0,0,1,0,0,0,0,0,0.12029972087807612,0,0,1
0,0,1,1,0,0.4810744810744811,0,0,1,0,0,0,0,1,0,0,0,0,0,1.0,0,0,1
1,0,0,1,0,0.7776033490319204,1,0,0,0,0,0,0,1,0,0,0,0,0,0.10627049230281681,1,0,0
1,0,0,1,0,0.42874585731728587,1,0,0,0,0,0,0,1,0,0,0,0,0,0.13198109527930474,1,0,0
0,0,1,0,1,0.5159602302459445,1,0,0,0,0,0,0,1,0,0,0,0,0,0.8673683312409346,0,0,1
1,0,0,1,0,0.3066457352171638,0,0,1,0,0,0,0,0,0,1,0,0,0,0.11966590690247796,1,0,0
0,0,1,1,0,0.864817721960579,0,0,1,0,0,0,0,1,0,0,0,0,0,1.0,0,0,1
1,0,0,1,0,0.4113029827315542,1,0,0,0,0,0,0,1,0,0,0,0,0,0.10741318576843849,1,0,0
1,0,0,1,0,0.4113029827315542,1,0,0,0,0,0,0,1,0,0,0,0,0,0.10881031897907195,1,0,0
0,1,0,0,1,0.4113029827315542,1,0,0,0,0,0,0,0,0,0,1,0,0,0.22092073668685933,1,0,0
0,0,1,0,1,0.8997034711320425,0,0,1,0,0,0,0,1,0,0,0,0,0,1.0,0,0,1
0,1,0,1,0,0.27175998604570034,1,0,0,0,0,0,0,1,0,0,0,0,0,0.3961337347488512,1,0,0
0,0,1,0,1,1.0,1,0,0,0,0,0,0,1,0,0,0,0,0,1.0,1,0,0
1,0,0,1,0,0.3240886098028955,1,0,0,0,0,0,0,1,0,0,0,0,0,0.12264909864339432,1,0,0
1,0,0,0,1,0.3676957962672248,0,0,1,0,0,0,0,1,0,0,0,0,0,0.22022293187718633,0,0,1
1,0,0,1,0,0.7863247863247863,1,0,0,0,0,0,0,1,0,0,0,0,0,0.11007947052155576,0,0,1
0,0,1,1,0,0.6903889761032618,1,0,0,0,0,0,0,1,0,0,0,0,0,0.42235169362407515,0,0,1
1,0,0,1,0,0.6729461015175301,1,0,0,0,0,0,0,1,0,0,0,0,0,0.12074460953402483,1,0,0
0,0,1,1,0,0.8299319727891157,0,0,1,0,0,0,0,1,0,0,0,0,0,1.0,0,0,1
1,0,0,1,0,0.42874585731728587,0,0,1,0,0,0,0,1,0,0,0,0,0,0.11845922260278147,1,0,0
0,0,1,1,0,0.7252747252747253,1,0,0,0,0,0,0,1,0,0,0,0,0,0.400514059700401,1,0,0
1,0,0,1,0,0.4897959183673469,1,0,0,0,0,0,0,1,0,0,0,0,0,0.24529819728678864,1,0,0
1,0,0,0,1,0.358974358974359,0,0,0,1,0,0,0,0,0,0,1,0,0,0.5237345050766061,1,0,0
1,0,0,1,0,0.1322169893598465,0,1,0,0,0,0,0,0,0,1,0,0,0,0.4437459624830881,0,1,0
0,0,1,0,1,0.5334031048316763,0,0,1,0,0,0,0,1,0,0,0,0,0,1.0,0,0,1
0,1,0,0,1,0.4113029827315542,0,0,0,1,0,0,0,0,0,0,0,0,1,0.2856733664054215,1,0,0
1,0,0,1,0,0.42874585731728587,1,0,0,0,0,0,0,1,0,0,0,0,0,0.2300622844118328,1,0,0
1,0,0,0,1,0.1322169893598465,0,0,0,0,0,0,1,0,0,1,0,0,0,0.32109686383969377,1,0,0
1,0,0,0,1,0.6555032269317983,0,0,1,0,0,0,0,0,1,0,0,0,0,0.47821721536267564,1,0,0
1,0,0,1,0,0.6555032269317983,1,0,0,0,0,0,0,1,0,0,0,0,0,0.12029972087807612,1,0,0
1,0,0,1,0,0.27175998604570034,0,0,1,0,0,0,0,0,0,0,0,0,1,0.5237345050766061,1,0,0
0,0,1,0,1,1.0,1,0,0,0,0,0,0,0,0,1,0,0,0,1.0,1,0,0
1,0,0,1,0,0.7776033490319204,1,0,0,0,0,0,0,1,0,0,0,0,0,0.12264909864339432,1,0,0
1,0,0,1,0,0.0,1,0,0,0,0,0,0,0,0,1,0,0,0,0.1297596991821362,0,0,1
1,0,0,1,0,0.010116867259724403,0,0,0,0,0,1,0,0,0,0,1,0,0,0.7145643138354277,1,0,0
1,0,0,0,1,0.2543171114599686,1,0,0,0,0,0,0,1,0,0,0,0,0,0.11007947052155576,0,0,1
1,0,0,1,0,1.0,1,0,0,0,0,0,0,1,0,0,0,0,0,0.11807832478090757,0,1,0
1,0,0,0,1,0.5334031048316763,1,0,0,0,0,0,0,1,0,0,0,0,0,0.1322980022671038,1,0,0
1,0,0,0,1,0.6729461015175301,0,0,1,0,0,0,0,0,1,0,0,0,0,0.4765031751642431,1,0,0
1,0,0,1,0,0.4461887319030176,1,0,0,0,0,0,0,1,0,0,0,0,0,0.2862447131382324,0,0,1
1,0,0,1,0,0.7078318506889936,0,0,0,1,0,0,0,1,0,0,0,0,0,0.21495282961373913,1,0,0
0,0,1,0,1,0.6031746031746031,0,0,1,0,0,0,0,1,0,0,0,0,0,0.7922674694977024,1,0,0
0,1,0,1,0,0.6729461015175301,1,0,0,0,0,0,0,1,0,0,0,0,0,0.1980668673744256,1,0,0
1,0,0,0,1,0.14965986394557823,0,0,0,0,0,0,1,0,0,0,1,0,0,0.42508196921126723,1,0,0
1,0,0,0,1,0.5334031048316763,1,0,0,0,0,0,0,1,0,0,0,0,0,0.11966590690247796,1,0,0
1,0,0,1,0,0.3066457352171638,1,0,0,0,0,0,0,1,0,0,0,0,0,0.12645807686213328,1,0,0
0,1,0,1,0,0.4113029827315542,1,0,0,0,0,0,0,1,0,0,0,0,0,0.1980668673744256,1,0,0
0,0,1,0,1,0.7776033490319204,0,0,1,0,0,0,0,0,0,1,0,0,0,1.0,1,0,0
1,0,0,1,0,0.42874585731728587,1,0,0,0,0,0,0,1,0,0,0,0,0,0.8607650866009288,1,0,0
0,0,1,1,0,0.06244549101691958,1,0,0,0,0,0,0,0,0,0,1,0,0,1.0,1,0,0
1,0,0,0,1,0.39386010814582245,1,0,0,0,0,0,0,1,0,0,0,0,0,0.1150311422059164,1,0,0
1,0,0,1,0,0.4985173556602128,1,0,0,0,0,0,0,1,0,0,0,0,0,0.12264909864339432,1,0,0
0,0,1,1,0,0.358974358974359,1,0,0,0,0,0,0,0,0,1,0,0,0,1.0,1,0,0
1,0,0,1,0,0.42874585731728587,1,0,0,0,0,0,0,1,0,0,0,0,0,0.1150311422059164,1,0,0
0,0,1,0,1,0.2892028606314321,0,0,1,0,0,0,0,1,0,0,0,0,0,1.0,0,0,1
0,1,0,1,0,0.4113029827315542,0,0,0,1,0,0,0,1,0,0,0,0,0,1.0,1,0,0
0,1,0,0,1,0.04500261643118786,0,0,1,0,0,0,0,0,0,0,1,0,0,0.6334970686103628,0,0,1
0,1,0,0,1,0.7252747252747253,0,0,1,0,0,0,0,1,0,0,0,0,0,0.3961337347488512,1,0,0
0,1,0,1,0,1.0,1,0,0,0,0,0,0,1,0,0,0,0,0,0.15997708518703607,1,0,0
1,0,0,0,1,0.4113029827315542,1,0,0,0,0,0,0,0,0,0,1,0,0,0.2544397450117621,1,0,0
0,0,1,0,1,0.6903889761032618,1,0,0,0,0,0,0,1,0,0,0,0,0,1.0,1,0,0
0,0,1,0,1,0.7427175998604569,1,0,0,0,0,0,0,0,0,1,0,0,0,1.0,1,0,0
0,0,1,1,0,0.7252747252747253,0,0,1,0,0,0,0,1,0,0,0,0,0,0.8007112124130029,1,0,0
1,0,0,1,0,0.3764172335600907,1,0,0,0,0,0,0,1,0,0,0,0,0,0.12264909864339432,1,0,0
0,0,1,0,1,0.4113029827315542,0,0,0,0,0,0,1,0,0,0,1,0,0,1.0,1,0,0
1,0,0,0,1,0.16710273853130994,1,0,0,0,0,0,0,0,0,0,1,0,0,0.36794729593018294,1,0,0
1,0,0,1,0,0.864817721960579,1,0,0,0,0,0,0,1,0,0,0,0,0,0.12264909864339432,1,0,0
1,0,0,1,0,0.010116867259724403,0,0,1,0,0,0,0,0,0,0,1,0,0,0.3134789074022159,1,0,0
0,1,0,0,1,0.4810744810744811,1,0,0,0,0,0,0,1,0,0,0,0,0,0.1980668673744256,1,0,0
0,0,1,0,1,1.0,1,0,0,0,0,0,0,1,0,0,0,0,0,0.40451348683007693,1,0,0
0,1,0,0,1,0.5159602302459445,1,0,0,0,0,0,0,1,0,0,0,0,0,0.1980668673744256,1,0,0
1,0,0,0,1,0.3676957962672248,1,0,0,0,0,0,0,0,0,0,1,0,0,0.23228368050900136,0,0,1
1,0,0,0,1,0.3676957962672248,1,0,0,0,0,0,0,1,0,0,0,0,0,0.11807832478090757,0,1,0
0,1,0,0,1,0.4810744810744811,1,0,0,0,0,0,0,1,0,0,0,0,0,0.18816352400570432,0,1,0
1,0,0,1,0,0.42874585731728587,1,0,0,0,0,0,0,1,0,0,0,0,0,0.10449246127030946,0,1,0
0,0,1,0,1,0.2892028606314321,0,0,1,0,0,0,0,1,0,0,0,0,0,0.8684470338724815,1,0,0
1,0,0,1,0,0.550845979417408,1,0,0,0,0,0,0,1,0,0,0,0,0,0.11966590690247796,1,0,0
0,0,1,1,0,0.8299319727891157,0,0,1,0,0,0,0,1,0,0,0,0,0,0.7922674694977024,1,0,0
1,0,0,1,0,0.27175998604570034,1,0,0,0,0,0,0,1,0,0,0,0,0,0.14042483819460524,1,0,0
1,0,0,1,0,0.8822605965463108,1,0,0,0,0,0,0,1,0,0,0,0,0,0.10747717660251331,1,0,0
1,0,0,1,0,0.04500261643118786,0,0,1,0,0,0,0,0,0,1,0,0,0,0.24225101471179747,1,0,0
0,0,1,1,0,0.6903889761032618,1,0,0,0,0,0,0,1,0,0,0,0,0,0.4676785344270687,0,0,1
0,1,0,0,1,0.3240886098028955,1,0,0,0,0,0,0,1,0,0,0,0,0,0.3961337347488512,1,0,0
0,0,1,1,0,0.7776033490319204,1,0,0,0,0,0,0,1,0,0,0,0,0,0.40451348683007693,1,0,0
1,0,0,1,0,0.42874585731728587,1,0,0,0,0,0,0,1,0,0,0,0,0,0.0,1,0,0
0,1,0,0,1,0.6903889761032618,1,0,0,0,0,0,0,1,0,0,0,0,0,0.23996562778055408,1,0,0
0,1,0,1,0,0.6206174777603349,1,0,0,0,0,0,0,1,0,0,0,0,0,0.19616237826505611,0,0,1
0,0,1,1,0,0.864817721960579,0,0,0,1,0,0,0,1,0,0,0,0,0,1.0,1,0,0
0,1,0,0,1,0.4113029827315542,0,0,1,0,0,0,0,1,0,0,0,0,0,0.3961337347488512,1,0,0
1,0,0,1,0,0.3764172335600907,1,0,0,0,0,0,0,1,0,0,0,0,0,0.11046036834342966,1,0,0
0,0,1,1,0,1.0,0,0,1,0,0,0,0,0,0,1,0,0,0,1.0,0,0,1
0,1,0,0,1,0.7078318506889936,1,0,0,0,0,0,0,0,0,1,0,0,0,0.29710030106163837,1,0,0
0,0,1,0,1,0.8299319727891157,0,0,1,0,0,0,0,1,0,0,0,0,0,0.6033421498482503,0,0,1
0,0,1,0,1,0.6729461015175301,0,0,1,0,0,0,0,1,0,0,0,0,0,0.85168752971003,1,0,0
0,1,0,0,1,0.934589220303506,0,0,1,0,0,0,0,0,0,0,0,0,1,0.35042599612398373,1,0,0
0,1,0,1,0,0.3240886098028955,1,0,0,0,0,0,0,1,0,0,0,0,0,0.15997708518703607,1,0,0
0,0,1,1,0,0.6903889761032618,1,0,0,0,0,0,0,1,0,0,0,0,0,0.4723132991236303,1,0,0
1,0,0,1,0,0.4461887319030176,0,0,1,0,0,0,0,1,0,0,0,0,0,0.22022293187718633,0,0,1
1,0,0,1,0,0.42874585731728587,0,0,0,1,0,0,0,1,0,0,0,0,0,0.3542349743427227,0,1,0
0,0,1,0,1,0.8997034711320425,0,0,1,0,0,0,0,0,0,1,0,0,0,1.0,1,0,0
0,1,0,1,0,0.5857317285888715,0,0,1,0,0,0,0,1,0,0,0,0,0,0.31995417037407214,1,0,0
1,0,0,1,0,0.7427175998604569,1,0,0,0,0,0,0,1,0,0,0,0,0,0.12264909864339432,1,0,0
0,1,0,1,0,0.6729461015175301,1,0,0,0,0,0,0,1,0,0,0,0,0,0.3961337347488512,1,0,0
0,1,0,1,0,0.8822605965463108,1,0,0,0,0,0,0,1,0,0,0,0,0,0.19082980875882158,1,0,0
1,0,0,0,1,0.34153148438862724,0,0,1,0,0,0,0,1,0,0,0,0,0,0.14969284399644087,1,0,0
0,0,1,1,0,0.6903889761032618,1,0,0,0,0,0,0,1,0,0,0,0,0,0.5332569506234536,1,0,0
1,0,0,1,0,0.5246816675388104,1,0,0,0,0,0,0,1,0,0,0,0,0,0.12264909864339432,1,0,0
1,0,0,1,0,0.42874585731728587,1,0,0,0,0,0,0,1,0,0,0,0,0,0.10741318576843849,1,0,0
1,0,0,1,0,0.4113029827315542,1,0,0,0,0,0,0,1,0,0,0,0,0,0.14474117231208025,1,0,0
1,0,0,1,0,0.42874585731728587,1,0,0,0,0,0,0,1,0,0,0,0,0,0.11007947052155576,0,0,1
1,0,0,1,0,0.46363160648874935,1,0,0,0,0,0,0,1,0,0,0,0,0,0.11877612959058054,1,0,0
0,1,0,0,1,0.09733124018838304,1,0,0,0,0,0,0,0,0,1,0,0,0,0.5027851248735419,1,0,0
1,0,0,0,1,0.7078318506889936,1,0,0,0,0,0,0,0,1,0,0,0,0,0.6046752922248089,1,0,0
0,1,0,0,1,0.39386010814582245,1,0,0,0,0,0,0,1,0,0,0,0,0,0.21012913959752813,0,0,1
1,0,0,1,0,0.550845979417408,1,0,0,0,0,0,0,1,0,0,0,0,0,0.12741032141681802,1,0,0
0,1,0,1,0,0.4810744810744811,1,0,0,0,0,0,0,0,0,1,0,0,0,0.5027851248735419,1,0,0
1,0,0,1,0,0.42874585731728587,0,0,0,1,0,0,0,1,0,0,0,0,0,0.33030240239874215,0,0,1
1,0,0,0,1,0.3676957962672248,1,0,0,0,0,0,0,1,0,0,0,0,0,0.11928500908060408,0,1,0
0,1,0,0,1,0.6206174777603349,1,0,0,0,0,0,0,1,0,0,0,0,0,0.1980668673744256,1,0,0
0,0,1,1,0,0.3240886098028955,0,0,1,0,0,0,0,1,0,0,0,0,0,0.8090269736601539,1,0,0
1,0,0,1,0,0.42874585731728587,0,0,1,0,0,0,0,0,0,1,0,0,0,0.23228368050900136,0,0,1
1,0,0,0,1,0.7776033490319204,1,0,0,0,0,0,0,0,0,1,0,0,0,0.22022293187718633,0,0,1
1,0,0,1,0,0.6991104133961277,1,0,0,0,0,0,0,0,0,0,1,0,0,0.22092073668685933,1,0,0
0,1,0,1,0,0.3066457352171638,1,0,0,0,0,0,0,1,0,0,0,0,0,0.17521299806199186,1,0,0
0,1,0,1,0,0.5334031048316763,0,0,1,0,0,0,0,0,0,1,0,0,0,0.39994271296759015,1,0,0
1,0,0,1,0,0.358974358974359,1,0,0,0,0,0,0,1,0,0,0,0,0,0.11046036834342966,1,0,0
1,0,0,0,1,0.7776033490319204,1,0,0,0,0,0,0,1,0,0,0,0,0,0.11807832478090757,1,0,0
0,0,1,0,1,0.4113029827315542,1,0,0,0,0,0,0,1,0,0,0,0,0,0.7542416781443876,0,0,1
1,0,0,1,0,0.4461887319030176,1,0,0,0,0,0,0,1,0,0,0,0,0,0.12029972087807612,1,0,0
1,0,0,1,0,0.18454561311704168,0,0,0,0,0,1,0,0,0,0,1,0,0,0.7145643138354277,1,0,0
1,0,0,1,0,0.42874585731728587,1,0,0,0,0,0,0,1,0,0,0,0,0,0.12029972087807612,1,0,0
0,1,0,0,1,0.4985173556602128,1,0,0,0,0,0,0,1,0,0,0,0,0,0.15997708518703607,1,0,0
1,0,0,1,0,0.3764172335600907,0,0,1,0,0,0,0,1,0,0,0,0,0,0.11046036834342966,1,0,0
0,0,1,1,0,0.6903889761032618,1,0,0,0,0,0,0,1,0,0,0,0,0,0.45707738624867444,1,0,0
1,0,0,1,0,0.06244549101691958,0,0,0,0,0,0,1,0,0,0,1,0,0,0.42508196921126723,1,0,0
1,0,0,0,1,0.4985173556602128,1,0,0,0,0,0,0,0,0,0,1,0,0,0.23228368050900136,0,0,1
1,0,0,0,1,0.3676957962672248,0,0,0,0,0,0,1,0,0,1,0,0,0,0.3880084224126373,1,0,0
1,0,0,0,1,0.4113029827315542,1,0,0,0,0,0,0,1,0,0,0,0,0,0.13483782894335897,1,0,0
0,0,1,0,1,0.3764172335600907,1,0,0,0,0,0,0,0,0,1,0,0,0,0.8379752081225699,1,0,0
1,0,0,1,0,0.4810744810744811,1,0,0,0,0,0,0,1,0,0,0,0,0,0.11877612959058054,1,0,0
1,0,0,0,1,0.5334031048316763,0,0,1,0,0,0,0,0,0,1,0,0,0,0.31271711175846806,1,0,0
1,0,0,0,1,0.2892028606314321,0,1,0,0,0,0,0,0,0,0,1,0,0,0.12074460953402483,1,0,0
0,1,0,1,0,0.010116867259724403,1,0,0,0,0,0,0,0,0,0,1,0,0,0.56379276720744,0,0,1
1,0,0,1,0,0.42874585731728587,0,0,1,0,0,0,0,1,0,0,0,0,0,0.3042109016003803,1,0,0
0,0,1,1,0,0.46363160648874935,0,0,1,0,0,0,0,1,0,0,0,0,0,0.8090269736601539,1,0,0
0,0,1,0,1,1.0,1,0,0,0,0,0,0,1,0,0,0,0,0,1.0,0,0,1
0,0,1,0,1,0.6903889761032618,0,0,1,0,0,0,0,0,0,1,0,0,0,1.0,0,0,1
1,0,0,1,0,0.34153148438862724,1,0,0,0,0,0,0,1,0,0,0,0,0,0.12074460953402483,1,0,0
0,0,1,0,1,0.4113029827315542,1,0,0,0,0,0,0,1,0,0,0,0,0,1.0,0,0,1
1,0,0,1,0,0.4810744810744811,1,0,0,0,0,0,0,1,0,0,0,0,0,0.3431889375083797,1,0,0
1,0,0,0,1,0.3764172335600907,1,0,0,0,0,0,0,1,0,0,0,0,0,0.11845922260278147,1,0,0
1,0,0,0,1,0.3676957962672248,1,0,0,0,0,0,0,1,0,0,0,0,0,0.12264909864339432,1,0,0
1,0,0,1,0,0.4810744810744811,0,0,0,1,0,0,0,1,0,0,0,0,0,0.12074460953402483,1,0,0
1,0,0,1,0,0.7252747252747253,1,0,0,0,0,0,0,1,0,0,0,0,0,0.1150311422059164,1,0,0
1,0,0,0,1,0.4985173556602128,0,0,1,0,0,0,0,0,0,1,0,0,0,0.15940573845422523,1,0,0
1,0,0,0,1,0.6380603523460666,1,0,0,0,0,0,0,1,0,0,0,0,0,0.14607431468863888,1,0,0
0,0,1,1,0,0.7776033490319204,1,0,0,0,0,0,0,1,0,0,0,0,0,0.40451348683007693,1,0,0
0,0,1,1,0,0.6206174777603349,1,0,0,0,0,0,0,1,0,0,0,0,0,0.40203765098789657,1,0,0
0,0,1,1,0,0.3764172335600907,1,0,0,0,0,0,0,1,0,0,0,0,0,1.0,0,0,1
1,0,0,0,1,0.5682888540031397,0,0,0,0,0,0,1,1,0,0,0,0,0,0.24148921906804965,1,0,0
1,0,0,1,0,0.6206174777603349,1,0,0,0,0,0,0,1,0,0,0,0,0,0.0,1,0,0
1,0,0,1,0,0.7252747252747253,1,0,0,0,0,0,0,1,0,0,0,0,0,0.11655473349341199,1,0,0
1,0,0,1,0,0.42874585731728587,0,0,1,0,0,0,0,1,0,0,0,0,0,0.36794729593018294,0,1,0
0,0,1,0,1,0.39386010814582245,0,0,0,0,0,0,1,0,0,0,1,0,0,1.0,1,0,0
0,1,0,1,0,0.7427175998604569,0,0,1,0,0,0,0,0,0,1,0,0,0,0.39994271296759015,1,0,0
0,0,1,1,0,1.0,1,0,0,0,0,0,0,0,0,0,1,0,0,1.0,0,0,1
1,0,0,0,1,0.3066457352171638,0,0,1,0,0,0,0,1,0,0,0,0,0,0.2711992491742135,1,0,0
1,0,0,0,1,0.5246816675388104,1,0,0,0,0,0,0,1,0,0,0,0,0,0.11807832478090757,0,1,0
0,1,0,1,0,0.5159602302459445,1,0,0,0,0,0,0,1,0,0,0,0,0,0.22930048876808504,0,0,1
0,0,1,0,1,0.3240886098028955,1,0,0,0,0,0,0,0,0,0,1,0,0,0.40045006886632617,1,0,0
1,0,0,1,0,0.27175998604570034,0,0,0,1,0,0,0,1,0,0,0,0,0,0.27424643174920466,1,0,0
1,0,0,1,0,0.34153148438862724,1,0,0,0,0,0,0,1,0,0,0,0,0,0.10741318576843849,1,0,0
0,1,0,1,0,0.0071515785801500075,1,0,0,0,0,0,0,0,0,0,1,0,0,0.44184147337371865,1,0,0
1,0,0,0,1,0.3066457352171638,1,0,0,0,0,0,0,1,0,0,0,0,0,0.10284241190595175,0,1,0
1,0,0,1,0,0.42874585731728587,1,0,0,0,0,0,0,1,0,0,0,0,0,0.12264909864339432,1,0,0
1,0,0,1,0,0.5682888540031397,0,0,1,0,0,0,0,0,0,1,0,0,0,0.31271711175846806,1,0,0
0,1,0,0,1,0.42874585731728587,0,0,1,0,0,0,0,0,0,1,0,0,0,0.45707738624867444,1,0,0
1,0,0,1,0,0.27175998604570034,1,0,0,0,0,0,0,1,0,0,0,0,0,0.14474117231208025,1,0,0
1,0,0,1,0,0.42874585731728587,1,0,0,0,0,0,0,1,0,0,0,0,0,0.11788787586997061,0,1,0
1,0,0,0,1,0.8124890982033839,0,0,1,0,0,0,0,1,0,0,0,0,0,0.22092073668685933,1,0,0
0,0,1,1,0,0.6903889761032618,1,0,0,0,0,0,0,1,0,0,0,0,0,1.0,1,0,0
1,0,0,0,1,0.3676957962672248,0,0,1,0,0,0,0,1,0,0,0,0,0,0.24529819728678864,1,0,0
1,0,0,1,0,0.14965986394557823,0,1,0,0,0,0,0,0,0,0,1,0,0,0.47821721536267564,1,0,0
1,0,0,1,0,0.3240886098028955,1,0,0,0,0,0,0,1,0,0,0,0,0,0.12029972087807612,1,0,0
1,0,0,0,1,0.4461887319030176,1,0,0,0,0,0,0,1,0,0,0,0,0,0.11966590690247796,1,0,0
0,1,0,0,1,0.5682888540031397,0,0,1,0,0,0,0,0,0,0,1,0,0,0.42279658228002387,1,0,0
1,0,0,0,1,0.24559567416710273,0,0,1,0,0,0,0,1,0,0,0,0,0,0.22022293187718633,0,0,1
0,0,1,0,1,0.5159602302459445,1,0,0,0,0,0,0,1,0,0,0,0,0,1.0,0,0,1
0,1,0,0,1,0.6903889761032618,1,0,0,0,0,0,0,1,0,0,0,0,0,0.1980668673744256,1,0,0
1,0,0,1,0,0.550845979417408,1,0,0,0,0,0,0,1,0,0,0,0,0,0.12074460953402483,1,0,0
0,1,0,0,1,0.4810744810744811,1,0,0,0,0,0,0,1,0,0,0,0,0,0.19273429786819107,1,0,0
0,1,0,0,1,0.7776033490319204,0,0,1,0,0,0,0,0,0,1,0,0,0,0.39994271296759015,1,0,0
1,0,0,1,0,0.39386010814582245,1,0,0,0,0,0,0,1,0,0,0,0,0,0.12029972087807612,1,0,0
1,0,0,0,1,0.06244549101691958,0,0,1,0,0,0,0,0,0,1,0,0,0,0.2544397450117621,1,0,0
1,0,0,0,1,0.5159602302459445,0,0,1,0,0,0,0,0,0,1,0,0,0,0.36794729593018294,1,0,0
0,1,0,1,0,0.46363160648874935,1,0,0,0,0,0,0,1,0,0,0,0,0,0.3961337347488512,1,0,0
1,0,0,1,0,0.42874585731728587,1,0,0,0,0,0,0,1,0,0,0,0,0,0.11769742695903367,0,1,0
0,1,0,0,1,0.1322169893598465,1,0,0,0,0,0,0,0,0,0,1,0,0,0.39994271296759015,1,0,0
1,0,0,1,0,0.5159602302459445,1,0,0,0,0,0,0,1,0,0,0,0,0,0.11014346135563058,0,0,1
1,0,0,0,1,0.3066457352171638,1,0,0,0,0,0,0,1,0,0,0,0,0,0.11845922260278147,1,0,0
0,1,0,0,1,0.2892028606314321,1,0,0,0,0,0,0,1,0,0,0,0,0,0.15997708518703607,1,0,0
1,0,0,0,1,0.3676957962672248,1,0,0,0,0,0,0,1,0,0,0,0,0,0.12004680472435186,0,1,0
1,0,0,0,1,0.3676957962672248,0,0,0,1,0,0,0,1,0,0,0,0,0,0.3542349743427227,0,1,0
0,1,0,1,0,0.3240886098028955,1,0,0,0,0,0,0,1,0,0,0,0,0,0.15997708518703607,1,0,0
1,0,0,1,0,0.3764172335600907,1,0,0,0,0,0,0,1,0,0,0,0,0,0.12029972087807612,1,0,0
0,0,1,0,1,0.6031746031746031,0,0,1,0,0,0,0,1,0,0,0,0,0,0.790172531477396,1,0,0
1,0,0,1,0,0.16710273853130994,0,0,0,0,0,0,1,0,0,0,1,0,0,0.42508196921126723,1,0,0
0,0,1,1,0,0.5857317285888715,1,0,0,0,0,0,0,1,0,0,0,0,0,0.40451348683007693,1,0,0
1,0,0,0,1,0.4461887319030176,0,0,1,0,0,0,0,1,0,0,0,0,0,0.24529819728678864,1,0,0
1,0,0,1,0,0.550845979417408,1,0,0,0,0,0,0,1,0,0,0,0,0,0.8607650866009288,1,0,0
1,0,0,1,0,0.34153148438862724,1,0,0,0,0,0,0,1,0,0,0,0,0,0.14474117231208025,1,0,0
0,0,1,1,0,0.8997034711320425,0,0,1,0,0,0,0,0,0,1,0,0,0,1.0,1,0,0
0,1,0,1,0,0.4985173556602128,1,0,0,0,0,0,0,1,0,0,0,0,0,0.15997708518703607,1,0,0
0,0,1,1,0,0.8473748473748474,0,0,1,0,0,0,0,1,0,0,0,0,0,0.8673683312409346,0,0,1
1,0,0,1,0,0.358974358974359,1,0,0,0,0,0,0,1,0,0,0,0,0,0.1178238850358958,0,1,0
1,0,0,1,0,0.02755974184545613,0,1,0,0,0,0,0,0,0,1,0,0,0,0.6046752922248089,1,0,0
0,0,1,1,0,0.46363160648874935,1,0,0,0,0,0,0,0,0,0,1,0,0,1.0,0,0,1
1,0,0,1,0,0.42874585731728587,0,0,0,0,0,0,1,0,0,1,0,0,0,0.3880084224126373,1,0,0
1,0,0,1,0,0.06244549101691958,0,0,1,0,0,0,0,0,0,1,0,0,0,0.1696259888107456,1,0,0
0,0,1,0,1,1.0,0,0,1,0,0,0,0,1,0,0,0,0,0,1.0,0,0,1
1,0,0,1,0,0.2892028606314321,1,0,0,0,0,0,0,1,0,0,0,0,0,0.13198109527930474,1,0,0
1,0,0,1,0,0.4985173556602128,1,0,0,0,0,0,0,1,0,0,0,0,0,0.11807832478090757,0,1,0
1,0,0,1,0,0.6031746031746031,1,0,0,0,0,0,0,1,0,0,0,0,0,0.10741318576843849,1,0,0
0,0,1,1,0,0.6903889761032618,1,0,0,0,0,0,0,1,0,0,0,0,0,0.4525066123861877,0,0,1
1,0,0,0,1,0.3676957962672248,1,0,0,0,0,0,0,1,0,0,0,0,0,0.12398224101995294,0,1,0
0,0,1,1,0,0.6903889761032618,1,0,0,0,0,0,0,1,0,0,0,0,0,0.6460027058981266,1,0,0
1,0,0,1,0,0.27175998604570034,0,0,1,0,0,0,0,0,0,1,0,0,0,0.30852723571785523,1,0,0
0,1,0,1,0,0.8997034711320425,1,0,0,0,0,0,0,1,0,0,0,0,0,0.2056848238119035,1,0,0
1,0,0,1,0,0.358974358974359,1,0,0,0,0,0,0,1,0,0,0,0,0,0.11845922260278147,1,0,0
1,0,0,1,0,0.42874585731728587,0,0,1,0,0,0,0,0,0,0,1,0,0,0.35728215691771387,1,0,0
0,0,1,0,1,0.3066457352171638,1,0,0,0,0,0,0,0,0,0,1,0,0,1.0,1,0,0
1,0,0,1,0,0.358974358974359,1,0,0,0,0,0,0,1,0,0,0,0,0,0.12074460953402483,1,0,0
1,0,0,1,0,0.09733124018838304,1,0,0,0,0,0,0,0,0,1,0,0,0,0.1900680131150738,1,0,0
1,0,0,1,0,0.27175998604570034,1,0,0,0,0,0,0,1,0,0,0,0,0,0.12264909864339432,1,0,0
0,0,1,0,1,0.934589220303506,0,0,1,0,0,0,0,1,0,0,0,0,0,1.0,0,0,1
0,1,0,0,1,0.2892028606314321,1,0,0,0,0,0,0,1,0,0,0,0,0,0.1828309544994698,0,0,1
1,0,0,1,0,0.02755974184545613,0,0,0,0,0,0,1,0,0,1,0,0,0,0.32109686383969377,1,0,0
0,1,0,1,0,0.04500261643118786,0,0,1,0,0,0,0,0,0,1,0,0,0,0.3961337347488512,1,0,0
1,0,0,0,1,0.4113029827315542,0,0,1,0,0,0,0,1,0,0,0,0,0,0.24148921906804965,1,0,0
0,0,1,1,0,0.4113029827315542,1,0,0,0,0,0,0,0,0,1,0,0,0,1.0,0,0,1
1,0,0,1,0,0.5682888540031397,1,0,0,0,0,0,0,1,0,0,0,0,0,0.14474117231208025,1,0,0
0,0,1,1,0,0.9694749694749695,1,0,0,0,0,0,0,1,0,0,0,0,0,0.4676785344270687,0,0,1
1,0,0,1,0,0.3240886098028955,1,0,0,0,0,0,0,1,0,0,0,0,0,0.1549614226686006,1,0,0
0,0,1,1,0,1.0,1,0,0,0,0,0,0,0,0,1,0,0,0,0.9443096912594614,0,0,1
0,0,1,1,0,0.8822605965463108,1,0,0,0,0,0,0,0,0,1,0,0,0,0.935168143534488,0,0,1
1,0,0,1,0,0.46363160648874935,1,0,0,0,0,0,0,1,0,0,0,0,0,0.13198109527930474,1,0,0
1,0,0,1,0,0.5682888540031397,1,0,0,0,0,0,0,1,0,0,0,0,0,0.12029972087807612,1,0,0
1,0,0,1,0,0.4113029827315542,1,0,0,0,0,0,0,1,0,0,0,0,0,0.12264909864339432,1,0,0
0,1,0,1,0,0.1322169893598465,0,0,1,0,0,0,0,0,0,1,0,0,0,0.5599197981546262,1,0,0
0,1,0,1,0,0.7252747252747253,1,0,0,0,0,0,0,1,0,0,0,0,0,0.1980668673744256,1,0,0
0,0,1,0,1,0.7252747252747253,1,0,0,0,0,0,0,1,0,0,0,0,0,1.0,0,0,1
1,0,0,1,0,0.8124890982033839,1,0,0,0,0,0,0,1,0,0,0,0,0,0.11046036834342966,1,0,0
1,0,0,1,0,0.20198848770277342,0,0,1,0,0,0,0,1,0,0,0,0,0,0.17127756176639078,0,0,1
1,0,0,0,1,0.550845979417408,0,0,1,0,0,0,0,0,0,1,0,0,0,0.23615664956181515,0,1,0
0,1,0,0,1,0.46363160648874935,0,0,1,0,0,0,0,1,0,0,0,0,0,0.21114385139500016,0,0,1
1,0,0,1,0,0.358974358974359,1,0,0,0,0,0,0,1,0,0,0,0,0,0.11877612959058054,1,0,0
1,0,0,1,0,0.4461887319030176,0,0,0,1,0,0,0,1,0,0,0,0,0,0.13198109527930474,1,0,0
0,0,1,0,1,0.6031746031746031,1,0,0,0,0,0,0,1,0,0,0,0,0,1.0,0,0,1
0,0,1,1,0,0.7950462236176522,1,0,0,0,0,0,0,1,0,0,0,0,0,1.0,0,0,1
1,0,0,1,0,0.34153148438862724,1,0,0,0,0,0,0,1,0,0,0,0,0,0.12264909864339432,1,0,0
0,0,1,0,1,0.8124890982033839,0,0,1,0,0,0,0,0,0,1,0,0,0,0.8007112124130029,1,0,0
1,0,0,1,0,0.27175998604570034,1,0,0,0,0,0,0,1,0,0,0,0,0,0.12264909864339432,1,0,0
1,0,0,0,1,0.0798883656026513,0,1,0,0,0,0,0,0,0,0,1,0,0,0.47821721536267564,1,0,0
1,0,0,1,0,0.3066457352171638,0,0,1,0,0,0,0,0,0,1,0,0,0,0.3079558889850444,1,0,0
1,0,0,1,0,0.34153148438862724,0,0,1,0,0,0,0,1,0,0,0,0,0,0.12074460953402483,1,0,0
1,0,0,1,0,0.42874585731728587,1,0,0,0,0,0,0,1,0,0,0,0,0,0.12886992187023877,0,1,0
0,1,0,1,0,0.864817721960579,1,0,0,0,0,0,0,1,0,0,0,0,0,0.1980668673744256,1,0,0
0,1,0,1,0,0.934589220303506,1,0,0,0,0,0,0,1,0,0,0,0,0,0.3961337347488512,1,0,0
0,0,1,1,0,0.6903889761032618,1,0,0,0,0,0,0,1,0,0,0,0,0,0.7617956437477907,1,0,0
1,0,0,0,1,0.3066457352171638,1,0,0,0,0,0,0,0,0,1,0,0,0,0.22022293187718633,0,0,1
0,0,1,1,0,0.46363160648874935,1,0,0,0,0,0,0,1,0,0,0,0,0,0.46469534268615237,1,0,0
1,0,0,1,0,0.3764172335600907,1,0,0,0,0,0,0,1,0,0,0,0,0,0.11007947052155576,0,0,1
0,0,1,1,0,0.5682888540031397,1,0,0,0,0,0,0,1,0,0,0,0,0,0.07617956437477907,1,0,0
0,0,1,1,0,1.0,1,0,0,0,0,0,0,1,0,0,0,0,0,0.4525066123861877,0,0,1
0,0,1,1,0,1.0,1,0,0,0,0,0,0,1,0,0,0,0,0,0.7542416781443876,0,0,1
1,0,0,0,1,0.358974358974359,1,0,0,0,0,0,0,1,0,0,0,0,0,0.11655473349341199,1,0,0
1,0,0,0,1,0.8299319727891157,0,0,1,0,0,0,0,0,0,0,0,0,1,0.5237345050766061,1,0,0
0,1,0,1,0,0.4985173556602128,0,0,1,0,0,0,0,1,0,0,0,0,0,0.42235169362407515,0,0,1
0,0,1,0,1,0.550845979417408,1,0,0,0,0,0,0,1,0,0,0,0,0,1.0,0,0,1
0,0,1,1,0,0.6206174777603349,1,0,0,0,0,0,0,1,0,0,0,0,0,0.400514059700401,1,0,0
0,0,1,1,0,0.934589220303506,1,0,0,0,0,0,0,1,0,0,0,0,0,0.790172531477396,1,0,0
1,0,0,0,1,0.3676957962672248,1,0,0,0,0,0,0,0,0,0,1,0,0,0.3406491108321246,0,0,1
0,0,1,1,0,0.7863247863247863,1,0,0,0,0,0,0,1,0,0,0,0,0,0.4342235169362407,1,0,0
1,0,0,1,0,0.3066457352171638,1,0,0,0,0,0,0,1,0,0,0,0,0,0.11807832478090757,1,0,0
0,0,1,1,0,0.6903889761032618,1,0,0,0,0,0,0,1,0,0,0,0,0,0.4723132991236303,0,0,1
1,0,0,1,0,0.2892028606314321,1,0,0,0,0,0,0,1,0,0,0,0,0,0.10855587923406018,1,0,0
0,0,1,1,0,0.4810744810744811,1,0,0,0,0,0,0,1,0,0,0,0,0,0.5408749070609314,1,0,0
0,0,1,1,0,0.18454561311704168,0,0,1,0,0,0,0,0,0,0,1,0,0,1.0,1,0,0
1,0,0,1,0,0.6903889761032618,0,0,1,0,0,0,0,0,0,1,0,0,0,0.23615664956181515,0,1,0
1,0,0,1,0,0.39386010814582245,1,0,0,0,0,0,0,1,0,0,0,0,0,0.1405512962714674,1,0,0
1,0,0,0,1,0.18454561311704168,0,1,0,0,0,0,0,0,0,0,1,0,0,0.4765031751642431,1,0,0
1,0,0,1,0,0.4985173556602128,1,0,0,0,0,0,0,1,0,0,0,0,0,0.12029972087807612,0,0,1
0,1,0,1,0,0.5159602302459445,1,0,0,0,0,0,0,1,0,0,0,0,0,0.211207842229075,0,0,1
1,0,0,1,0,0.14965986394557823,0,0,0,0,0,1,0,0,0,0,1,0,0,0.7145643138354277,1,0,0
0,1,0,0,1,0.3066457352171638,1,0,0,0,0,0,0,0,0,1,0,0,0,0.35042599612398373,1,0,0
0,0,1,1,0,0.4113029827315542,1,0,0,0,0,0,0,1,0,0,0,0,0,1.0,0,0,1
0,1,0,0,1,0.4810744810744811,0,0,1,0,0,0,0,1,0,0,0,0,0,0.3961337347488512,1,0,0
0,0,1,1,0,0.2892028606314321,1,0,0,0,0,0,0,0,0,0,1,0,0,1.0,0,0,1
1,0,0,0,1,0.010116867259724403,0,0,1,0,0,0,0,0,0,1,0,0,0,0.1696259888107456,1,0,0
0,1,0,0,1,0.5159602302459445,1,0,0,0,0,0,0,1,0,0,0,0,0,0.18816352400570432,0,1,0
0,1,0,0,1,0.9869178440607012,1,0,0,0,0,0,0,1,0,0,0,0,0,0.15997708518703607,1,0,0
0,1,0,1,0,0.39386010814582245,1,0,0,0,0,0,0,1,0,0,0,0,0,0.2292364979340102,0,0,1
1,0,0,1,0,0.42874585731728587,1,0,0,0,0,0,0,1,0,0,0,0,0,0.11014346135563058,0,0,1
0,0,1,1,0,0.6206174777603349,1,0,0,0,0,0,0,1,0,0,0,0,0,0.6113410041076021,0,0,1
0,0,1,1,0,0.6903889761032618,1,0,0,0,0,0,0,1,0,0,0,0,0,1.0,0,0,1
1,0,0,1,0,0.34153148438862724,1,0,0,0,0,0,0,1,0,0,0,0,0,0.15000975098423996,1,0,0
1,0,0,1,0,0.4810744810744811,1,0,0,0,0,0,0,1,0,0,0,0,0,0.8607650866009288,1,0,0
1,0,0,0,1,0.7078318506889936,1,0,0,0,0,0,0,0,0,0,1,0,0,0.3079558889850444,1,0,0
1,0,0,1,0,0.8299319727891157,1,0,0,0,0,0,0,1,0,0,0,0,0,0.11966590690247796,1,0,0
0,0,1,1,0,0.3066457352171638,0,0,1,0,0,0,0,1,0,0,0,0,0,1.0,0,0,1
1,0,0,1,0,0.42874585731728587,1,0,0,0,0,0,0,1,0,0,0,0,0,0.11795186670404544,0,1,0
0,0,1,1,0,0.9694749694749695,1,0,0,0,0,0,0,1,0,0,0,0,0,0.40451348683007693,1,0,0
1,0,0,1,0,0.010116867259724403,0,1,0,0,0,0,0,0,0,1,0,0,0,0.6046752922248089,1,0,0
0,0,1,1,0,1.0,1,0,0,0,0,0,0,1,0,0,0,0,0,0.45707738624867444,1,0,0
0,1,0,0,1,0.6555032269317983,1,0,0,0,0,0,0,1,0,0,0,0,0,0.1980668673744256,1,0,0
1,0,0,1,0,0.4810744810744811,0,0,1,0,0,0,0,1,0,0,0,0,0,0.24148921906804965,1,0,0
1,0,0,1,0,0.3240886098028955,1,0,0,0,0,0,0,1,0,0,0,0,0,0.11655473349341199,1,0,0
1,0,0,1,0,0.7427175998604569,1,0,0,0,0,0,0,1,0,0,0,0,0,0.098271638043465,1,0,0
0,0,1,0,1,0.5682888540031397,0,0,1,0,0,0,0,1,0,0,0,0,0,1.0,0,1,0
1,0,0,1,0,0.46363160648874935,1,0,0,0,0,0,0,1,0,0,0,0,0,0.12029972087807612,1,0,0
0,1,0,0,1,0.8299319727891157,0,0,1,0,0,0,0,0,0,0,1,0,0,0.990334336872128,1,0,0
0,0,1,0,1,0.8473748473748474,0,0,1,0,0,0,0,1,0,0,0,0,0,1.0,0,0,1
0,1,0,0,1,0.864817721960579,1,0,0,0,0,0,0,1,0,0,0,0,0,0.15997708518703607,1,0,0
1,0,0,0,1,0.3764172335600907,1,0,0,0,0,0,0,1,0,0,0,0,0,0.11807832478090757,1,0,0
0,1,0,1,0,0.358974358974359,0,0,0,1,0,0,0,1,0,0,0,0,0,1.0,1,0,0
1,0,0,0,1,0.3764172335600907,1,0,0,0,0,0,0,1,0,0,0,0,0,0.11807832478090757,0,1,0
1,0,0,1,0,0.550845979417408,0,0,1,0,0,0,0,1,0,0,0,0,0,0.24148921906804965,1,0,0
1,0,0,1,0,0.358974358974359,1,0,0,0,0,0,0,1,0,0,0,0,0,0.12264909864339432,1,0,0
0,0,1,0,1,0.02755974184545613,0,0,1,0,0,0,0,0,0,0,1,0,0,1.0,1,0,0
0,0,1,0,1,0.5682888540031397,0,0,1,0,0,0,0,1,0,0,0,0,0,0.8090269736601539,1,0,0
0,0,1,1,0,0.6903889761032618,1,0,0,0,0,0,0,1,0,0,0,0,0,0.39499104128322954,1,0,0
1,0,0,1,0,0.34153148438862724,1,0,0,0,0,0,0,1,0,0,0,0,0,0.13198109527930474,1,0,0
0,0,1,0,1,0.358974358974359,0,0,0,1,0,0,0,0,0,0,1,0,0,1.0,0,0,1
0,0,1,0,1,0.6555032269317983,1,0,0,0,0,0,0,1,0,0,0,0,0,1.0,1,0,0
0,1,0,0,1,0.06244549101691958,0,0,1,0,0,0,0,0,0,1,0,0,0,0.35042599612398373,1,0,0
1,0,0,1,0,0.4897959183673469,1,0,0,0,0,0,0,1,0,0,0,0,0,0.11014346135563058,0,0,1
0,1,0,1,0,0.5159602302459445,1,0,0,0,0,0,0,1,0,0,0,0,0,0.1980668673744256,1,0,0
0,0,1,1,0,1.0,1,0,0,0,0,0,0,1,0,0,0,0,0,0.40451348683007693,1,0,0
1,0,0,0,1,0.3676957962672248,0,0,0,0,1,0,0,0,0,0,1,0,0,1.0,1,0,0
0,0,1,0,1,0.864817721960579,1,0,0,0,0,0,0,1,0,0,0,0,0,0.4374611484221688,0,0,1
1,0,0,1,0,0.6031746031746031,1,0,0,0,0,0,0,1,0,0,0,0,0,0.10855587923406018,1,0,0
0,0,1,1,0,0.6903889761032618,1,0,0,0,0,0,0,1,0,0,0,0,0,0.5408749070609314,1,0,0
1,0,0,1,0,0.2892028606314321,0,0,1,0,0,0,0,0,0,1,0,0,0,0.11014346135563058,0,0,1
1,0,0,0,1,0.21943136228850513,1,0,0,0,0,0,0,1,0,0,0,0,0,0.11014346135563058,0,0,1
1,0,0,0,1,0.5159602302459445,1,0,0,0,0,0,0,1,0,0,0,0,0,0.13198109527930474,1,0,0
0,0,1,1,0,0.42874585731728587,0,0,1,0,0,0,0,1,0,0,0,0,0,0.8447049108394378,0,0,1
1,0,0,1,0,0.42874585731728587,0,0,1,0,0,0,0,1,0,0,0,0,0,0.24529819728678864,1,0,0
1,0,0,0,1,0.3676957962672248,1,0,0,0,0,0,0,1,0,0,0,0,0,0.1178238850358958,0,1,0
1,0,0,1,0,0.5159602302459445,1,0,0,0,0,0,0,1,0,0,0,0,0,0.12029972087807612,1,0,0
1,0,0,1,0,0.6206174777603349,1,0,0,0,0,0,0,1,0,0,0,0,0,0.12029972087807612,1,0,0
1,0,0,0,1,0.23687423687423687,1,0,0,0,0,0,0,1,0,0,0,0,0,0.11966590690247796,1,0,0
1,0,0,1,0,0.6903889761032618,1,0,0,0,0,0,0,1,0,0,0,0,0,0.11007947052155576,0,0,1
0,1,0,0,1,0.02755974184545613,0,0,1,0,0,0,0,0,0,1,0,0,0,0.3961337347488512,1,0,0
1,0,0,1,0,0.4025815454386883,1,0,0,0,0,0,0,1,0,0,0,0,0,0.11014346135563058,0,0,1
0,1,0,1,0,0.02755974184545613,0,0,1,0,0,0,0,0,0,1,0,0,0,0.3961337347488512,1,0,0
0,0,1,0,1,0.5682888540031397,1,0,0,0,0,0,0,1,0,0,0,0,0,1.0,1,0,0
0,0,1,1,0,0.8822605965463108,1,0,0,0,0,0,0,1,0,0,0,0,0,0.40451348683007693,1,0,0
0,1,0,1,0,0.3240886098028955,1,0,0,0,0,0,0,1,0,0,0,0,0,0.1980668673744256,1,0,0
0,0,1,1,0,0.6206174777603349,0,0,1,0,0,0,0,1,0,0,0,0,0,1.0,1,0,0
0,1,0,1,0,0.5159602302459445,0,0,1,0,0,0,0,1,0,0,0,0,0,0.3656619089989396,0,0,1
0,0,1,0,1,0.6206174777603349,1,0,0,0,0,0,0,1,0,0,0,0,0,1.0,0,0,1
0,0,1,1,0,0.8473748473748474,0,0,1,0,0,0,0,1,0,0,0,0,0,1.0,0,0,1
1,0,0,0,1,0.4810744810744811,0,0,1,0,0,0,0,0,0,1,0,0,0,0.21939714539936375,1,0,0
1,0,0,1,0,0.3066457352171638,1,0,0,0,0,0,0,1,0,0,0,0,0,0.11877612959058054,1,0,0
0,1,0,0,1,0.3764172335600907,0,0,1,0,0,0,0,0,0,1,0,0,0,0.44184147337371865,1,0,0
0,0,1,0,1,0.27175998604570034,1,0,0,0,0,0,0,0,0,1,0,0,0,0.8833660397596382,0,0,1
1,0,0,1,0,0.3240886098028955,1,0,0,0,0,0,0,1,0,0,0,0,0,0.11845922260278147,1,0,0
0,0,1,0,1,0.6206174777603349,0,0,1,0,0,0,0,0,0,0,1,0,0,1.0,1,0,0
1,0,0,1,0,0.42874585731728587,1,0,0,0,0,0,0,1,0,0,0,0,0,0.11655473349341199,1,0,0
1,0,0,1,0,0.5334031048316763,1,0,0,0,0,0,0,1,0,0,0,0,0,0.12074460953402483,1,0,0
0,1,0,1,0,0.5682888540031397,1,0,0,0,0,0,0,1,0,0,0,0,0,0.18702083054008264,1,0,0
0,1,0,1,0,0.7252747252747253,1,0,0,0,0,0,0,1,0,0,0,0,0,0.1980668673744256,1,0,0
1,0,0,1,0,0.5159602302459445,1,0,0,0,0,0,0,1,0,0,0,0,0,0.12264909864339432,1,0,0
1,0,0,1,0,0.4985173556602128,1,0,0,0,0,0,0,1,0,0,0,0,0,0.14474117231208025,1,0,0
0,0,1,0,1,0.864817721960579,1,0,0,0,0,0,0,0,0,1,0,0,0,1.0,0,0,1
1,0,0,1,0,0.550845979417408,1,0,0,0,0,0,0,1,0,0,0,0,0,0.12029972087807612,1,0,0
0,0,1,1,0,1.0,1,0,0,0,0,0,0,1,0,0,0,0,0,0.3961337347488512,1,0,0
0,0,1,1,0,0.864817721960579,0,0,1,0,0,0,0,1,0,0,0,0,0,0.85168752971003,1,0,0
0,1,0,1,0,0.39386010814582245,1,0,0,0,0,0,0,1,0,0,0,0,0,0.1980668673744256,1,0,0
