Pclass_3.0,Pclass_2.0,Pclass_1.0,Sex_male,Sex_female,Age,SibSp_0.0,SibSp_1.0,SibSp_2.0,SibSp_4.0,SibSp_8.0,SibSp_3.0,SibSp_5.0,Parch_0.0,Parch_1.0,Parch_2.0,Parch_5.0,Parch_3.0,Parch_4.0,Fare,Embarked_S,Embarked_C,Embarked_Q
1,0,0,1,0,0.5334031048316763,1,0,0,0,0,0,0,1,0,0,0,0,0,0.1184197099135955,1,0,0
0,1,0,1,0,0.5334031048316763,0,1,0,0,0,0,0,0,1,0,0,0,0,0.5636047112006006,0,1,0
1,0,0,1,0,0.3764172335600907,1,0,0,0,0,0,0,1,0,0,0,0,0,0.11004275294221574,0,1,0
1,0,0,1,0,0.3240886098028955,1,0,0,0,0,0,0,1,0,0,0,0,0,0.12425768738110433,1,0,0
1,0,0,1,0,0.5682888540031397,1,0,0,0,0,0,0,1,0,0,0,0,0,0.13181065640311743,1,0,0
0,0,1,0,1,0.358974358974359,1,0,0,0,0,0,0,1,0,0,0,0,0,1.0,1,0,0
1,0,0,1,0,0.5857317285888715,1,0,0,0,0,0,0,1,0,0,0,0,0,0.09893643108125191,1,0,0
0,1,0,0,1,0.5159602302459445,1,0,0,0,0,0,0,1,0,0,0,0,0,0.19800080114170307,1,0,0
0,0,1,1,0,0.4810744810744811,1,0,0,0,0,0,0,1,0,0,0,0,0,0.7173721333672474,1,0,0
1,0,0,1,0,0.4985173556602128,1,0,0,0,0,0,0,1,0,0,0,0,0,0.1184197099135955,1,0,0
1,0,0,0,1,0.010116867259724403,1,0,0,0,0,0,0,0,0,1,0,0,0,0.23975917010248826,0,1,0
1,0,0,0,1,0.6555032269317983,0,1,0,0,0,0,0,0,0,0,1,0,0,0.478057703525785,1,0,0
0,1,0,0,1,0.4985173556602128,1,0,0,0,0,0,0,1,0,0,0,0,0,0.15992372399906787,1,0,0
1,0,0,1,0,0.3764172335600907,1,0,0,0,0,0,0,1,0,0,0,0,0,0.11010672243181537,0,1,0
1,0,0,1,0,0.4461887319030176,1,0,0,0,0,0,0,1,0,0,0,0,0,0.12013317838501408,1,0,0
0,0,1,1,0,0.06244549101691958,1,0,0,0,0,0,0,0,0,1,0,0,0,1.0,1,0,0
1,0,0,1,0,0.3764172335600907,1,0,0,0,0,0,0,1,0,0,0,0,0,0.10851966985651035,1,0,0
1,0,0,1,0,0.8822605965463108,1,0,0,0,0,0,0,1,0,0,0,0,0,0.12260818839928538,1,0,0
0,0,1,1,0,0.8299319727891157,1,0,0,0,0,0,0,1,0,0,0,0,0,0.40437855925478594,1,0,0
1,0,0,1,0,1.0,1,0,0,0,0,0,0,1,0,0,0,0,0,0.1184197099135955,1,0,0
0,0,1,0,1,0.7776033490319204,0,1,0,0,0,0,0,0,1,0,0,0,0,1.0,1,0,0
1,0,0,1,0,0.42874585731728587,1,0,0,0,0,0,0,1,0,0,0,0,0,0.11924522094604782,0,0,1
1,0,0,0,1,0.3676957962672248,0,1,0,0,0,0,0,0,1,0,0,0,0,0.3405354855512723,0,1,0
1,0,0,1,0,0.6555032269317983,1,0,0,0,0,0,0,1,0,0,0,0,0,0.131937072299231,1,0,0
0,1,0,0,1,0.23687423687423687,0,1,0,0,0,0,0,1,0,0,0,0,0,0.4580032685363019,0,1,0
1,0,0,1,0,0.6729461015175301,0,1,0,0,0,0,0,0,0,0,1,0,0,0.4763442350543664,1,0,0
0,0,1,0,1,0.6031746031746031,1,0,0,0,0,0,0,1,0,0,0,0,0,1.0,0,1,0
1,0,0,1,0,0.6729461015175301,1,0,0,0,0,0,0,1,0,0,0,0,0,0.12070433454215361,1,0,0
0,0,1,0,1,0.8124890982033839,0,1,0,0,0,0,0,0,1,0,0,0,0,0.8004441310277917,1,0,0
0,1,0,1,0,0.934589220303506,1,0,0,0,0,0,0,1,0,0,0,0,0,0.21323163199875717,1,0,0
1,0,0,1,0,0.5857317285888715,1,0,0,0,0,0,0,1,0,0,0,0,0,0.12260818839928538,1,0,0
0,1,0,1,0,0.9869178440607012,1,0,0,0,0,0,0,1,0,0,0,0,0,0.18810076108461793,0,0,1
0,0,1,0,1,0.5159602302459445,1,0,0,0,0,0,0,1,0,0,0,0,0,0.4721557565686766,0,1,0
1,0,0,0,1,0.3764172335600907,1,0,0,0,0,0,0,1,0,0,0,0,0,0.1104235237136421,1,0,0
1,0,0,0,1,0.3676957962672248,1,0,0,0,0,0,0,1,0,0,0,0,0,0.11861009529930866,0,0,1
1,0,0,0,1,0.2543171114599686,1,0,0,0,0,0,0,1,0,0,0,0,0,0.11004275294221574,0,1,0
1,0,0,0,1,0.010116867259724403,0,1,0,0,0,0,0,0,1,0,0,0,0,0.16956940918084024,1,0,0
1,0,0,1,0,0.4985173556602128,1,0,0,0,0,0,0,1,0,0,0,0,0,0.12260818839928538,1,0,0
1,0,0,1,0,0.7252747252747253,1,0,0,0,0,0,0,0,1,0,0,0,0,0.12800294868885392,1,0,0
1,0,0,0,1,0.3764172335600907,1,0,0,0,0,0,0,1,0,0,0,0,0,0.14983329855626953,1,0,0
1,0,0,1,0,0.46363160648874935,0,1,0,0,0,0,0,1,0,0,0,0,0,0.22014947537403112,0,1,0
0,1,0,1,0,0.3240886098028955,0,1,0,0,0,0,0,0,1,0,0,0,0,0.5597330339967376,1,0,0
0,0,1,0,1,0.42874585731728587,0,1,0,0,0,0,0,0,0,1,0,0,0,1.0,1,0,0
1,0,0,1,0,0.18454561311704168,1,0,0,0,0,0,0,1,0,0,0,0,0,0.2861492347269036,0,1,0
0,0,1,1,0,0.8124890982033839,1,0,0,0,0,0,0,1,0,0,0,0,0,0.7920032045668123,1,0,0
0,1,0,1,0,0.010116867259724403,0,0,1,0,0,0,0,0,1,0,0,0,0,0.5940024034251092,1,0,0
0,0,1,0,1,0.5159602302459445,1,0,0,0,0,0,0,1,0,0,0,0,0,1.0,1,0,0
0,1,0,1,0,0.7950462236176522,1,0,0,0,0,0,0,1,0,0,0,0,0,0.39600160228340614,1,0,0
0,0,1,0,1,0.6031746031746031,0,1,0,0,0,0,0,1,0,0,0,0,0,1.0,1,0,0
0,1,0,1,0,1.0,1,0,0,0,0,0,0,1,0,0,0,0,0,0.15992372399906787,1,0,0
0,1,0,1,0,0.5159602302459445,1,0,0,0,0,0,0,1,0,0,0,0,0,0.0,1,0,0
1,0,0,0,1,0.06244549101691958,0,1,0,0,0,0,0,0,1,0,0,0,0,0.25435487531280315,1,0,0
0,1,0,1,0,0.0071515785801500075,1,0,0,0,0,0,0,0,0,1,0,0,0,0.4416940948545684,1,0,0
1,0,0,1,0,0.42874585731728587,0,1,0,0,0,0,0,1,0,0,0,0,0,0.2711087892555627,1,0,0
0,1,0,0,1,0.2892028606314321,1,0,0,0,0,0,0,1,0,0,0,0,0,0.182769970284649,0,1,0
0,1,0,1,0,0.5334031048316763,1,0,0,0,0,0,0,1,0,0,0,0,0,0.15992372399906787,1,0,0
1,0,0,0,1,0.14965986394557823,0,0,0,1,0,0,0,0,0,1,0,0,0,0.4763442350543664,1,0,0
0,1,0,0,1,0.4810744810744811,1,0,0,0,0,0,0,1,0,0,0,0,0,0.18810076108461793,0,0,1
1,0,0,1,0,0.4985173556602128,1,0,0,0,0,0,0,1,0,0,0,0,0,0.1199427929993009,1,0,0
0,0,1,0,1,0.7427175998604569,1,0,0,0,0,0,0,0,1,0,0,0,0,1.0,1,0,0
1,0,0,0,1,0.42874585731728587,1,0,0,0,0,0,0,1,0,0,0,0,0,0.1184197099135955,1,0,0
1,0,0,1,0,0.6031746031746031,1,0,0,0,0,0,0,1,0,0,0,0,0,0.12025959428112763,0,1,0
0,1,0,1,0,0.8299319727891157,1,0,0,0,0,0,0,1,0,0,0,0,0,0.19800080114170307,1,0,0
0,1,0,0,1,0.4113029827315542,0,0,1,0,0,0,0,0,1,0,0,0,0,0.41123243314046026,1,0,0
1,0,0,1,0,0.42874585731728587,0,1,0,0,0,0,0,1,0,0,0,0,0,0.1184197099135955,1,0,0
0,1,0,1,0,0.550845979417408,1,0,0,0,0,0,0,1,0,0,0,0,0,0.15992372399906787,1,0,0
0,0,1,1,0,0.934589220303506,1,0,0,0,0,0,0,0,1,0,0,0,0,1.0,1,0,0
1,0,0,0,1,0.3676957962672248,1,0,0,0,0,0,0,1,0,0,0,0,0,0.11778458426685634,0,0,1
1,0,0,0,1,0.3764172335600907,1,0,0,0,0,0,0,1,0,0,0,0,0,0.11803893914216915,1,0,0
1,0,0,1,0,0.42874585731728587,0,0,0,0,1,0,0,0,0,1,0,0,0,1.0,1,0,0
0,0,1,1,0,0.8822605965463108,1,0,0,0,0,0,0,1,0,0,0,0,0,0.40437855925478594,1,0,0
0,0,1,1,0,0.9694749694749695,1,0,0,0,0,0,0,1,0,0,0,0,0,0.5406944954254199,0,1,0
1,0,0,1,0,0.42874585731728587,0,1,0,0,0,0,0,1,0,0,0,0,0,0.1184197099135955,1,0,0
0,1,0,1,0,0.6729461015175301,1,0,0,0,0,0,0,1,0,0,0,0,0,0.19800080114170307,1,0,0
1,0,0,1,0,0.5944531658817374,1,0,0,0,0,0,0,1,0,0,0,0,0,0.09804847364228565,0,1,0
0,1,0,0,1,0.864817721960579,1,0,0,0,0,0,0,1,0,0,0,0,0,0.15992372399906787,1,0,0
1,0,0,1,0,0.3066457352171638,0,1,0,0,0,0,0,1,0,0,0,0,0,0.09893643108125191,1,0,0
1,0,0,0,1,0.02755974184545613,1,0,0,0,0,0,0,0,1,0,0,0,0,0.15935256784192836,1,0,0
1,0,0,0,1,0.2543171114599686,0,1,0,0,0,0,0,1,0,0,0,0,0,0.22014947537403112,0,1,0
0,1,0,1,0,0.4810744810744811,1,0,0,0,0,0,0,1,0,0,0,0,0,0.20561621657023013,1,0,0
0,0,1,0,1,0.6031746031746031,1,0,0,0,0,0,0,0,1,0,0,0,0,0.8376956971379745,1,0,0
0,1,0,0,1,0.11477411477411477,1,0,0,0,0,0,0,0,0,1,0,0,0,0.39980930999766967,1,0,0
1,0,0,0,1,0.5334031048316763,0,1,0,0,0,0,0,1,0,0,0,0,0,0.2741549554269735,1,0,0
0,0,1,0,1,0.8473748473748474,1,0,0,0,0,0,0,1,0,0,0,0,0,0.39492325945872675,1,0,0
1,0,0,1,0,0.11477411477411477,0,0,0,1,0,0,0,0,1,0,0,0,0,0.6044735996393339,1,0,0
0,1,0,0,1,0.7601604744461887,0,1,0,0,0,0,0,1,0,0,0,0,0,0.39600160228340614,1,0,0
0,1,0,1,0,0.04500261643118786,0,1,0,0,0,0,0,0,1,0,0,0,0,0.39600160228340614,1,0,0
0,1,0,1,0,0.6206174777603349,0,1,0,0,0,0,0,0,0,1,0,0,0,0.4226555562832508,1,0,0
1,0,0,0,1,0.3676957962672248,0,1,0,0,0,0,0,1,0,0,0,0,0,0.2360778782843383,0,0,1
1,0,0,1,0,0.42874585731728587,0,0,1,0,0,0,0,1,0,0,0,0,0,0.3541168174265074,0,0,1
0,0,1,1,0,0.6206174777603349,1,0,0,0,0,0,0,1,0,0,0,0,0,0.4019035492405146,1,0,0
0,1,0,0,1,0.6031746031746031,1,0,0,0,0,0,0,1,0,0,0,0,0,0.31984744799813575,1,0,0
0,1,0,1,0,0.46363160648874935,1,0,0,0,0,0,0,1,0,0,0,0,0,0.19800080114170307,1,0,0
1,0,0,0,1,0.06244549101691958,1,0,0,0,0,0,0,0,0,1,0,0,0,0.33545904962661616,1,0,0
1,0,0,1,0,0.4810744810744811,1,0,0,0,0,0,0,1,0,0,0,0,0,0.14469289314201378,1,0,0
1,0,0,1,0,0.4113029827315542,1,0,0,0,0,0,0,1,0,0,0,0,0,0.114167261938306,1,0,0
1,0,0,1,0,0.42874585731728587,1,0,0,0,0,0,0,1,0,0,0,0,0,0.11137545064220798,1,0,0
0,0,1,0,1,0.5159602302459445,1,0,0,0,0,0,0,1,0,0,0,0,0,1.0,0,1,0
1,0,0,0,1,0.3676957962672248,0,1,0,0,0,0,0,0,0,1,0,0,0,0.35716298359791826,1,0,0
0,0,1,1,0,0.5334031048316763,0,1,0,0,0,0,0,1,0,0,0,0,0,0.7920032045668123,1,0,0
0,1,0,1,0,0.004360718646432934,0,1,0,0,0,0,0,0,1,0,0,0,0,0.2208470474272842,1,0,0
0,0,1,1,0,0.6729461015175301,1,0,0,0,0,0,0,1,0,0,0,0,0,0.0,1,0,0
0,1,0,0,1,0.06244549101691958,0,1,0,0,0,0,0,0,1,0,0,0,0,0.3503091097122439,1,0,0
1,0,0,1,0,0.42874585731728587,0,1,0,0,0,0,0,0,1,0,0,0,0,0.23220620108047513,0,1,0
0,1,0,1,0,0.27175998604570034,1,0,0,0,0,0,0,1,0,0,0,0,0,0.15992372399906787,1,0,0
0,1,0,0,1,0.5857317285888715,0,1,0,0,0,0,0,0,1,0,0,0,0,0.4950020028542577,1,0,0
1,0,0,1,0,0.35025292168149313,1,0,0,0,0,0,0,1,0,0,0,0,0,0.1104235237136421,1,0,0
1,0,0,1,0,0.5159602302459445,1,0,0,0,0,0,0,1,0,0,0,0,0,0.11004275294221574,0,1,0
0,0,1,1,0,1.0,0,1,0,0,0,0,0,0,1,0,0,0,0,1.0,1,0,0
1,0,0,0,1,0.06244549101691958,1,0,0,0,0,0,0,0,1,0,0,0,0,0.20434748835983751,0,1,0
1,0,0,1,0,0.358974358974359,1,0,0,0,0,0,0,1,0,0,0,0,0,0.11873651119542222,1,0,0
1,0,0,0,1,0.02755974184545613,1,0,0,0,0,0,0,0,1,0,0,0,0,0.18714883415605205,1,0,0
1,0,0,1,0,0.4113029827315542,1,0,0,0,0,0,0,1,0,0,0,0,0,0.10737735754223128,1,0,0
0,0,1,0,1,0.5334031048316763,1,0,0,0,0,0,0,0,0,1,0,0,0,1.0,1,0,0
1,0,0,1,0,0.6903889761032618,1,0,0,0,0,0,0,1,0,0,0,0,0,0.12025959428112763,1,0,0
0,0,1,1,0,0.864817721960579,0,1,0,0,0,0,0,1,0,0,0,0,0,1.0,0,1,0
1,0,0,1,0,0.27175998604570034,1,0,0,0,0,0,0,1,0,0,0,0,0,0.1184197099135955,1,0,0
1,0,0,0,1,0.3676957962672248,0,1,0,0,0,0,0,1,0,0,0,0,0,0.22021192178054505,0,1,0
0,1,0,0,1,0.46363160648874935,0,1,0,0,0,0,0,1,0,0,0,0,0,0.31984744799813575,1,0,0
1,0,0,1,0,0.42874585731728587,1,0,0,0,0,0,0,1,0,0,0,0,0,0.8604779739339561,1,0,0
0,0,1,1,0,0.6555032269317983,1,0,0,0,0,0,0,1,0,0,0,0,0,0.0,1,0,0
0,0,1,0,1,0.550845979417408,1,0,0,0,0,0,0,1,0,0,0,0,0,1.0,0,1,0
0,1,0,1,0,0.27175998604570034,1,0,0,0,0,0,0,1,0,0,0,0,0,0.39600160228340614,1,0,0
1,0,0,0,1,1.0,1,0,0,0,0,0,0,1,0,0,0,0,0,0.14602559084200603,1,0,0
1,0,0,1,0,0.8822605965463108,1,0,0,0,0,0,0,1,0,0,0,0,0,0.11803893914216915,1,0,0
1,0,0,0,1,0.3764172335600907,1,0,0,0,0,0,0,1,0,0,0,0,0,0.16017807887438068,1,0,0
1,0,0,1,0,0.34153148438862724,1,0,0,0,0,0,0,1,0,0,0,0,0,0.11010672243181537,0,1,0
1,0,0,1,0,0.42874585731728587,1,0,0,0,0,0,0,1,0,0,0,0,0,0.11803893914216915,0,0,1
1,0,0,1,0,0.5334031048316763,1,0,0,0,0,0,0,1,0,0,0,0,0,0.11803893914216915,0,0,1
1,0,0,1,0,0.6729461015175301,1,0,0,0,0,0,0,1,0,0,0,0,0,0.12070433454215361,1,0,0
0,0,1,1,0,0.42874585731728587,0,1,0,0,0,0,0,1,0,0,0,0,0,1.0,0,1,0
1,0,0,1,0,0.2543171114599686,0,1,0,0,0,0,0,0,1,0,0,0,0,0.11010672243181537,0,1,0
0,0,1,0,1,0.6729461015175301,0,1,0,0,0,0,0,0,1,0,0,0,0,1.0,1,0,0
0,0,1,1,0,0.7252747252747253,0,1,0,0,0,0,0,1,0,0,0,0,0,0.7920032045668123,1,0,0
0,0,1,1,0,0.6903889761032618,1,0,0,0,0,0,0,1,0,0,0,0,0,0.4721557565686766,1,0,0
0,1,0,0,1,0.3240886098028955,0,1,0,0,0,0,0,1,0,0,0,0,0,0.39600160228340614,1,0,0
0,1,0,1,0,0.5857317285888715,1,0,0,0,0,0,0,1,0,0,0,0,0,0.19800080114170307,1,0,0
1,0,0,1,0,0.3240886098028955,1,0,0,0,0,0,0,1,0,0,0,0,0,0.10280810828511507,0,0,1
0,0,1,0,1,0.23687423687423687,0,1,0,0,0,0,0,0,0,1,0,0,0,1.0,1,0,0
0,0,1,1,0,0.6555032269317983,0,1,0,0,0,0,0,1,0,0,0,0,0,1.0,1,0,0
0,1,0,0,1,0.4113029827315542,1,0,0,0,0,0,0,0,0,1,0,0,0,0.2208470474272842,1,0,0
1,0,0,0,1,0.5334031048316763,1,0,0,0,0,0,0,1,0,0,0,0,0,0.11962599171747418,1,0,0
0,0,1,1,0,0.4985173556602128,1,0,0,0,0,0,0,1,0,0,0,0,0,0.45692492571162246,1,0,0
1,0,0,0,1,0.3676957962672248,1,0,0,0,0,0,0,1,0,0,0,0,0,0.11499277297075833,1,0,0
0,0,1,0,1,0.6031746031746031,0,1,0,0,0,0,0,1,0,0,0,0,0,0.7920032045668123,1,0,0
1,0,0,1,0,0.23687423687423687,0,0,0,1,0,0,0,0,1,0,0,0,0,0.6044735996393339,1,0,0
1,0,0,0,1,0.358974358974359,1,0,0,0,0,0,0,1,0,0,0,0,0,0.11651585605646374,1,0,0
0,0,1,1,0,0.8473748473748474,0,1,0,0,0,0,0,0,1,0,0,0,0,1.0,0,1,0
0,0,1,1,0,0.6555032269317983,1,0,0,0,0,0,0,0,1,0,0,0,0,1.0,1,0,0
0,1,0,1,0,0.5857317285888715,1,0,0,0,0,0,0,1,0,0,0,0,0,0.19800080114170307,1,0,0
1,0,0,0,1,0.5334031048316763,1,0,0,0,0,0,0,1,0,0,0,0,0,0.1322538735810577,1,0,0
0,0,1,1,0,0.7776033490319204,1,0,0,0,0,0,0,1,0,0,0,0,0,0.40437855925478594,1,0,0
0,1,0,1,0,0.7601604744461887,0,1,0,0,0,0,0,1,0,0,0,0,0,0.39600160228340614,1,0,0
0,1,0,0,1,0.7252747252747253,1,0,0,0,0,0,0,1,0,0,0,0,0,0.19800080114170307,1,0,0
1,0,0,1,0,0.2892028606314321,0,1,0,0,0,0,0,1,0,0,0,0,0,0.10744132703183092,1,0,0
0,1,0,1,0,0.4113029827315542,1,0,0,0,0,0,0,1,0,0,0,0,0,0.15992372399906787,1,0,0
1,0,0,1,0,0.358974358974359,1,0,0,0,0,0,0,1,0,0,0,0,0,0.11962599171747418,1,0,0
1,0,0,1,0,1.0,1,0,0,0,0,0,0,1,0,0,0,0,0,0.1104235237136421,1,0,0
1,0,0,1,0,0.06244549101691958,0,1,0,0,0,0,0,0,1,0,0,0,0,0.16956940918084024,1,0,0
0,1,0,1,0,0.5159602302459445,1,0,0,0,0,0,0,1,0,0,0,0,0,0.15992372399906787,1,0,0
1,0,0,0,1,0.3240886098028955,1,0,0,0,0,0,0,1,0,0,0,0,0,0.12000676248890053,0,0,1
1,0,0,1,0,0.42874585731728587,0,1,0,0,0,0,0,1,0,0,0,0,0,0.11803893914216915,0,0,1
0,1,0,1,0,0.358974358974359,1,0,0,0,0,0,0,1,0,0,0,0,0,1.0,1,0,0
0,0,1,0,1,0.6206174777603349,0,1,0,0,0,0,0,0,0,1,0,0,0,1.0,1,0,0
1,0,0,1,0,0.358974358974359,1,0,0,0,0,0,0,1,0,0,0,0,0,0.11880048068502184,1,0,0
1,0,0,1,0,0.02755974184545613,0,0,0,1,0,0,0,0,1,0,0,0,0,0.44359794871170016,0,0,1
0,0,1,1,0,0.46363160648874935,1,0,0,0,0,0,0,1,0,0,0,0,0,1.0,0,1,0
0,0,1,0,1,0.3240886098028955,0,1,0,0,0,0,0,1,0,0,0,0,0,1.0,0,1,0
0,1,0,1,0,0.3066457352171638,1,0,0,0,0,0,0,1,0,0,0,0,0,1.0,1,0,0
1,0,0,1,0,0.4461887319030176,1,0,0,0,0,0,0,1,0,0,0,0,0,0.2861492347269036,0,1,0
1,0,0,0,1,0.358974358974359,0,1,0,0,0,0,0,1,0,0,0,0,0,0.14964291317055636,1,0,0
0,1,0,0,1,0.4810744810744811,1,0,0,0,0,0,0,1,0,0,0,0,0,0.5026174182827847,1,0,0
0,1,0,1,0,0.6031746031746031,1,0,0,0,0,0,0,1,0,0,0,0,0,0.39600160228340614,1,0,0
1,0,0,1,0,0.6555032269317983,1,0,0,0,0,0,0,1,0,0,0,0,0,0.10737735754223128,1,0,0
0,1,0,1,0,0.6380603523460666,0,1,0,0,0,0,0,1,0,0,0,0,0,0.39600160228340614,1,0,0
0,0,1,0,1,0.4113029827315542,0,0,0,0,0,1,0,0,0,1,0,0,0,1.0,1,0,0
1,0,0,1,0,0.5159602302459445,0,1,0,0,0,0,0,1,0,0,0,0,0,0.24521637679857075,1,0,0
1,0,0,0,1,0.27175998604570034,0,0,0,0,0,0,1,0,0,1,0,0,0,0.7143259671958365,1,0,0
0,0,1,1,0,0.550845979417408,1,0,0,0,0,0,0,1,0,0,0,0,0,0.4645403411401495,0,1,0
1,0,0,1,0,0.3240886098028955,1,0,0,0,0,0,0,1,0,0,0,0,0,0.0,1,0,0
0,0,1,1,0,0.6380603523460666,1,0,0,0,0,0,0,0,1,0,0,0,0,0.45235567645450625,0,1,0
1,0,0,1,0,0.4113029827315542,1,0,0,0,0,0,0,1,0,0,0,0,0,0.11873651119542222,1,0,0
1,0,0,1,0,0.42874585731728587,1,0,0,0,0,0,0,1,0,0,0,0,0,0.14469289314201378,1,0,0
1,0,0,0,1,0.7078318506889936,1,0,0,0,0,0,0,0,0,0,1,0,0,0.6044735996393339,1,0,0
1,0,0,0,1,0.2892028606314321,1,0,0,0,0,0,0,1,0,0,0,0,0,0.22021192178054505,0,1,0
1,0,0,0,1,0.34153148438862724,1,0,0,0,0,0,0,1,0,0,0,0,0,0.131937072299231,1,0,0
0,1,0,0,1,0.5857317285888715,1,0,0,0,0,0,0,1,0,0,0,0,0,0.19800080114170307,1,0,0
0,0,1,0,1,0.6206174777603349,1,0,0,0,0,0,0,0,0,1,0,0,0,1.0,1,0,0
1,0,0,1,0,0.34153148438862724,1,0,0,0,0,0,0,1,0,0,0,0,0,0.1405044146563239,1,0,0
1,0,0,1,0,0.42874585731728587,0,1,0,0,0,0,0,1,0,0,0,0,0,0.2360778782843383,0,0,1
0,0,1,1,0,0.6031746031746031,1,0,0,0,0,0,0,1,0,0,0,0,0,1.0,0,1,0
1,0,0,1,0,0.39386010814582245,1,0,0,0,0,0,0,1,0,0,0,0,0,0.11962599171747418,1,0,0
0,0,1,1,0,0.6903889761032618,1,0,0,0,0,0,0,1,0,0,0,0,0,0.0,1,0,0
1,0,0,1,0,0.4113029827315542,0,0,1,0,0,0,0,1,0,0,0,0,0,0.36782456519785606,1,0,0
0,0,1,0,1,0.6031746031746031,0,1,0,0,0,0,0,1,0,0,0,0,0,0.7899089653239674,1,0,0
1,0,0,1,0,0.6206174777603349,0,1,0,0,0,0,0,0,1,0,0,0,0,0.36782456519785606,1,0,0
1,0,0,1,0,0.46363160648874935,1,0,0,0,0,0,0,1,0,0,0,0,0,0.10623504522795223,1,0,0
1,0,0,1,0,0.5682888540031397,1,0,0,0,0,0,0,1,0,0,0,0,0,0.131937072299231,0,1,0
1,0,0,1,0,0.358974358974359,1,0,0,0,0,0,0,1,0,0,0,0,0,0.24521637679857075,1,0,0
0,1,0,1,0,0.04500261643118786,0,1,0,0,0,0,0,0,1,0,0,0,0,0.2855780785697641,1,0,0
0,0,1,0,1,0.3764172335600907,1,0,0,0,0,0,0,0,0,1,0,0,0,0.7539261274241771,0,1,0
1,0,0,1,0,1.0,1,0,0,0,0,0,0,1,0,0,0,0,0,0.09500230747087483,1,0,0
0,1,0,1,0,0.42874585731728587,1,0,0,0,0,0,0,1,0,0,0,0,0,0.19800080114170307,1,0,0
1,0,0,1,0,0.42874585731728587,1,0,0,0,0,0,0,1,0,0,0,0,0,0.2208470474272842,1,0,0
1,0,0,1,0,0.42874585731728587,1,0,0,0,0,0,0,1,0,0,0,0,0,0.1104235237136421,1,0,0
1,0,0,1,0,0.42874585731728587,1,0,0,0,0,0,0,1,0,0,0,0,0,0.10585427445652588,0,0,1
0,1,0,0,1,0.4113029827315542,0,1,0,0,0,0,0,1,0,0,0,0,0,0.39600160228340614,1,0,0
1,0,0,1,0,0.42874585731728587,1,0,0,0,0,0,0,1,0,0,0,0,0,0.1326986138420837,0,1,0
0,1,0,0,1,0.4461887319030176,0,1,0,0,0,0,0,0,1,0,0,0,0,0.39600160228340614,1,0,0
0,1,0,1,0,1.0,1,0,0,0,0,0,0,1,0,0,0,0,0,0.20561621657023013,1,0,0
0,1,0,0,1,0.5159602302459445,0,0,0,0,0,1,0,1,0,0,0,0,0,0.31984744799813575,1,0,0
1,0,0,1,0,0.6380603523460666,0,0,1,0,0,0,0,1,0,0,0,0,0,0.12070433454215361,1,0,0
0,0,1,0,1,0.6729461015175301,0,1,0,0,0,0,0,1,0,0,0,0,0,0.8514034449093232,1,0,0
0,0,1,1,0,0.6903889761032618,1,0,0,0,0,0,0,1,0,0,0,0,0,0.7920032045668123,1,0,0
1,0,0,1,0,0.4810744810744811,1,0,0,0,0,0,0,1,0,0,0,0,0,0.11962599171747418,1,0,0
0,1,0,1,0,0.4985173556602128,0,1,0,0,0,0,0,1,0,0,0,0,0,0.31984744799813575,1,0,0
1,0,0,0,1,0.4113029827315542,0,1,0,0,0,0,0,1,0,0,0,0,0,0.24140866908430722,1,0,0
1,0,0,1,0,0.4113029827315542,0,1,0,0,0,0,0,1,0,0,0,0,0,0.24521637679857075,1,0,0
0,0,1,0,1,0.8997034711320425,0,1,0,0,0,0,0,0,1,0,0,0,0,1.0,1,0,0
0,1,0,1,0,1.0,0,1,0,0,0,0,0,0,1,0,0,0,0,0.5940024034251092,1,0,0
1,0,0,1,0,0.42874585731728587,1,0,0,0,0,0,0,1,0,0,0,0,0,0.11778458426685634,0,0,1
0,0,1,0,1,0.2892028606314321,0,1,0,0,0,0,0,1,0,0,0,0,0,1.0,0,1,0
1,0,0,1,0,0.4461887319030176,1,0,0,0,0,0,0,1,0,0,0,0,0,0.12260818839928538,1,0,0
1,0,0,1,0,0.5682888540031397,1,0,0,0,0,0,0,1,0,0,0,0,0,0.12025959428112763,0,1,0
0,0,1,1,0,0.4810744810744811,0,1,0,0,0,0,0,1,0,0,0,0,0,1.0,0,1,0
1,0,0,1,0,0.7776033490319204,1,0,0,0,0,0,0,1,0,0,0,0,0,0.10623504522795223,1,0,0
1,0,0,1,0,0.42874585731728587,1,0,0,0,0,0,0,1,0,0,0,0,0,0.131937072299231,1,0,0
0,1,0,1,0,0.3066457352171638,1,0,0,0,0,0,0,1,0,0,0,0,0,0.19800080114170307,1,0,0
1,0,0,1,0,0.3066457352171638,0,1,0,0,0,0,0,0,1,0,0,0,0,0.11962599171747418,1,0,0
1,0,0,0,1,0.4461887319030176,1,0,0,0,0,0,0,1,0,0,0,0,0,0.12070433454215361,1,0,0
0,0,1,1,0,0.6903889761032618,1,0,0,0,0,0,0,1,0,0,0,0,0,0.40437855925478594,1,0,0
0,1,0,1,0,0.5159602302459445,1,0,0,0,0,0,0,1,0,0,0,0,0,0.21113739275591223,0,1,0
1,0,0,0,1,0.3764172335600907,1,0,0,0,0,0,0,1,0,0,0,0,0,0.11803893914216915,0,0,1
0,0,1,0,1,1.0,0,1,0,0,0,0,0,1,0,0,0,0,0,1.0,1,0,0
0,0,1,0,1,0.2543171114599686,1,0,0,0,0,0,0,0,1,0,0,0,0,1.0,1,0,0
1,0,0,1,0,0.550845979417408,1,0,0,0,0,0,0,1,0,0,0,0,0,0.12070433454215361,1,0,0
1,0,0,1,0,0.3240886098028955,1,0,0,0,0,0,0,1,0,0,0,0,0,0.12260818839928538,1,0,0
1,0,0,0,1,0.3676957962672248,0,1,0,0,0,0,0,1,0,0,0,0,0,0.22014947537403112,0,1,0
1,0,0,1,0,0.7863247863247863,1,0,0,0,0,0,0,1,0,0,0,0,0,0.11004275294221574,0,1,0
1,0,0,1,0,0.6206174777603349,1,0,0,0,0,0,0,1,0,0,0,0,0,0.114167261938306,1,0,0
0,0,1,0,1,0.5682888540031397,1,0,0,0,0,0,0,1,0,0,0,0,0,1.0,1,0,0
0,0,1,0,1,0.3066457352171638,0,0,1,0,0,0,0,0,0,1,0,0,0,1.0,0,1,0
0,0,1,0,1,0.934589220303506,0,1,0,0,0,0,0,1,0,0,0,0,0,0.9047113529090125,0,1,0
1,0,0,1,0,0.550845979417408,1,0,0,0,0,0,0,1,0,0,0,0,0,0.8604779739339561,1,0,0
1,0,0,1,0,0.4897959183673469,1,0,0,0,0,0,0,1,0,0,0,0,0,0.24521637679857075,1,0,0
1,0,0,0,1,0.358974358974359,0,0,1,0,0,0,0,0,0,1,0,0,0,0.5235598107112341,1,0,0
1,0,0,1,0,0.1322169893598465,0,0,0,1,0,0,0,0,1,0,0,0,0,0.44359794871170016,0,0,1
0,0,1,0,1,0.6031746031746031,0,1,0,0,0,0,0,1,0,0,0,0,0,0.8087571185095719,1,0,0
0,0,1,0,1,0.39386010814582245,0,1,0,0,0,0,0,1,0,0,0,0,0,1.0,0,1,0
1,0,0,0,1,0.09733124018838304,0,0,0,1,0,0,0,0,0,1,0,0,0,0.4763442350543664,1,0,0
1,0,0,0,1,0.1322169893598465,0,0,0,0,0,1,0,0,1,0,0,0,0,0.3209897603124148,1,0,0
1,0,0,1,0,0.42874585731728587,1,0,0,0,0,0,0,1,0,0,0,0,0,0.2360778782843383,0,0,1
0,0,1,1,0,0.4810744810744811,1,0,0,0,0,0,0,1,0,0,0,0,0,0.5406944954254199,1,0,0
1,0,0,0,1,0.2892028606314321,0,0,0,1,0,0,0,0,0,1,0,0,0,0.12070433454215361,1,0,0
0,0,1,1,0,0.6903889761032618,1,0,0,0,0,0,0,1,0,0,0,0,0,0.4222108160222248,0,1,0
1,0,0,0,1,0.02755974184545613,0,0,0,1,0,0,0,0,0,1,0,0,0,0.4763442350543664,1,0,0
1,0,0,1,0,0.6555032269317983,1,0,0,0,0,0,0,1,0,0,0,0,0,0.12025959428112763,1,0,0
1,0,0,1,0,0.27175998604570034,0,1,0,0,0,0,0,0,0,0,0,1,0,0.5235598107112341,1,0,0
0,0,1,0,1,0.4113029827315542,1,0,0,0,0,0,0,1,0,0,0,0,0,1.0,0,1,0
0,0,1,0,1,0.7252747252747253,1,0,0,0,0,0,0,1,0,0,0,0,0,1.0,0,1,0
0,1,0,0,1,0.4113029827315542,0,1,0,0,0,0,0,0,0,1,0,0,0,0.9900040057085154,1,0,0
1,0,0,1,0,0.010116867259724403,0,0,0,0,0,0,1,0,0,1,0,0,0,0.7143259671958365,1,0,0
0,1,0,1,0,0.5159602302459445,1,0,0,0,0,0,0,1,0,0,0,0,0,0.19800080114170307,1,0,0
1,0,0,1,0,1.0,1,0,0,0,0,0,0,1,0,0,0,0,0,0.11803893914216915,0,0,1
1,0,0,0,1,0.39386010814582245,1,0,0,0,0,0,0,1,0,0,0,0,0,0.11499277297075833,1,0,0
1,0,0,0,1,0.6729461015175301,0,1,0,0,0,0,0,0,0,0,1,0,0,0.4763442350543664,1,0,0
0,0,1,1,0,0.7252747252747253,1,0,0,0,0,0,0,1,0,0,0,0,0,0.4003804661548092,1,0,0
1,0,0,1,0,0.7078318506889936,0,0,1,0,0,0,0,1,0,0,0,0,0,0.21488113098057612,1,0,0
1,0,0,1,0,0.6903889761032618,0,1,0,0,0,0,0,0,0,0,0,0,1,0.4249401809118089,1,0,0
1,0,0,0,1,0.3676957962672248,1,0,0,0,0,0,0,1,0,0,0,0,0,0.12000676248890053,0,0,1
1,0,0,0,1,0.14965986394557823,0,0,0,0,0,1,0,0,0,1,0,0,0,0.4249401809118089,1,0,0
1,0,0,1,0,0.7601604744461887,1,0,0,0,0,0,0,0,1,0,0,0,0,0.24521637679857075,1,0,0
1,0,0,1,0,0.3066457352171638,1,0,0,0,0,0,0,1,0,0,0,0,0,0.1264158961135489,1,0,0
0,1,0,1,0,0.4113029827315542,1,0,0,0,0,0,0,1,0,0,0,0,0,0.19800080114170307,1,0,0
0,0,1,1,0,0.6903889761032618,1,0,0,0,0,0,0,1,0,0,0,0,0,0.5406944954254199,1,0,0
1,0,0,1,0,0.42874585731728587,1,0,0,0,0,0,0,1,0,0,0,0,0,0.8604779739339561,1,0,0
0,1,0,0,1,0.42874585731728587,0,1,0,0,0,0,0,0,1,0,0,0,0,0.45692492571162246,1,0,0
1,0,0,0,1,0.6729461015175301,1,0,0,0,0,0,0,0,0,0,1,0,0,0.44359794871170016,0,0,1
1,0,0,1,0,0.42874585731728587,1,0,0,0,0,0,0,1,0,0,0,0,0,0.1184197099135955,1,0,0
0,0,1,1,0,0.358974358974359,1,0,0,0,0,0,0,0,1,0,0,0,0,1.0,1,0,0
1,0,0,1,0,0.42874585731728587,1,0,0,0,0,0,0,1,0,0,0,0,0,0.11499277297075833,1,0,0
0,0,1,0,1,0.3764172335600907,0,1,0,0,0,0,0,1,0,0,0,0,0,1.0,1,0,0
0,1,0,1,0,0.4113029827315542,0,0,1,0,0,0,0,1,0,0,0,0,0,1.0,1,0,0
1,0,0,1,0,0.42874585731728587,1,0,0,0,0,0,0,1,0,0,0,0,0,0.11010672243181537,0,1,0
0,0,1,0,1,0.7601604744461887,1,0,0,0,0,0,0,1,0,0,0,0,0,0.4222108160222248,0,1,0
0,1,0,1,0,1.0,1,0,0,0,0,0,0,1,0,0,0,0,0,0.15992372399906787,1,0,0
0,0,1,1,0,0.008721437292865866,0,1,0,0,0,0,0,0,0,1,0,0,0,1.0,1,0,0
1,0,0,0,1,0.3764172335600907,1,0,0,0,0,0,0,1,0,0,0,0,0,0.1184197099135955,1,0,0
1,0,0,0,1,0.3676957962672248,0,0,1,0,0,0,0,1,0,0,0,0,0,0.3541168174265074,0,0,1
0,1,0,0,1,0.1322169893598465,1,0,0,0,0,0,0,0,0,1,0,0,0,0.39980930999766967,1,0,0
1,0,0,1,0,0.34153148438862724,0,1,0,0,0,0,0,0,1,0,0,0,0,0.23975917010248826,0,1,0
1,0,0,1,0,0.42874585731728587,1,0,0,0,0,0,0,1,0,0,0,0,0,0.1184197099135955,1,0,0
1,0,0,0,1,0.16710273853130994,1,0,0,0,0,0,0,0,0,1,0,0,0,0.36782456519785606,1,0,0
0,0,1,1,0,0.7776033490319204,1,0,0,0,0,0,0,1,0,0,0,0,0,0.40437855925478594,1,0,0
1,0,0,1,0,0.4985173556602128,1,0,0,0,0,0,0,1,0,0,0,0,0,0.14443853826670097,1,0,0
0,1,0,0,1,0.5159602302459445,1,0,0,0,0,0,0,1,0,0,0,0,0,0.18810076108461793,0,0,1
0,0,1,0,1,1.0,1,0,0,0,0,0,0,1,0,0,0,0,0,0.40437855925478594,1,0,0
1,0,0,0,1,0.5159602302459445,1,0,0,0,0,0,0,1,0,0,0,0,0,0.19000461494174967,1,0,0
1,0,0,0,1,0.3676957962672248,1,0,0,0,0,0,0,0,0,1,0,0,0,0.23220620108047513,0,1,0
0,1,0,0,1,0.8299319727891157,0,1,0,0,0,0,0,0,0,1,0,0,0,0.9900040057085154,1,0,0
0,1,0,0,1,0.7776033490319204,0,1,0,0,0,0,0,0,1,0,0,0,0,0.39980930999766967,1,0,0
1,0,0,1,0,0.42874585731728587,1,0,0,0,0,0,0,1,0,0,0,0,0,0.10445760726693401,0,0,1
0,1,0,1,0,0.8124890982033839,1,0,0,0,0,0,0,1,0,0,0,0,0,0.22846246285581123,1,0,0
0,1,0,0,1,0.3066457352171638,1,0,0,0,0,0,0,0,1,0,0,0,0,0.3503091097122439,1,0,0
1,0,0,0,1,0.3676957962672248,0,1,0,0,0,0,0,1,0,0,0,0,0,0.24521637679857075,1,0,0
1,0,0,1,0,0.27175998604570034,1,0,0,0,0,0,0,1,0,0,0,0,0,0.14037799876021037,1,0,0
1,0,0,1,0,0.8822605965463108,1,0,0,0,0,0,0,1,0,0,0,0,0,0.10744132703183092,1,0,0
1,0,0,1,0,0.864817721960579,1,0,0,0,0,0,0,1,0,0,0,0,0,0.12260818839928538,1,0,0
0,0,1,1,0,0.6903889761032618,1,0,0,0,0,0,0,1,0,0,0,0,0,0.4675225378219607,0,1,0
1,0,0,0,1,0.3676957962672248,1,0,0,0,0,0,0,0,0,1,0,0,0,0.3405354855512723,0,1,0
0,1,0,1,0,0.42874585731728587,0,1,0,0,0,0,0,1,0,0,0,0,0,0.39600160228340614,1,0,0
0,0,1,0,1,0.8822605965463108,0,1,0,0,0,0,0,1,0,0,0,0,0,1.0,1,0,0
0,0,1,0,1,0.2892028606314321,0,1,0,0,0,0,0,1,0,0,0,0,0,0.8681573588520828,1,0,0
0,1,0,1,0,0.6206174777603349,1,0,0,0,0,0,0,1,0,0,0,0,0,0.1960969472845713,0,1,0
0,1,0,0,1,0.6903889761032618,0,1,0,0,0,0,0,0,1,0,0,0,0,0.5940024034251092,1,0,0
0,0,1,0,1,0.5334031048316763,0,1,0,0,0,0,0,1,0,0,0,0,0,1.0,0,1,0
1,0,0,1,0,0.3764172335600907,1,0,0,0,0,0,0,1,0,0,0,0,0,0.12260818839928538,1,0,0
0,1,0,0,1,0.21943136228850513,1,0,0,0,0,0,0,0,1,0,0,0,0,0.2970012017125546,1,0,0
0,0,1,0,1,0.8299319727891157,0,1,0,0,0,0,0,1,0,0,0,0,0,0.6031409019393417,0,1,0
0,0,1,0,1,0.27175998604570034,1,0,0,0,0,0,0,0,1,0,0,0,0,0.6000947357679308,1,0,0
0,1,0,0,1,0.3764172335600907,0,1,0,0,0,0,0,0,0,1,0,0,0,0.6332857623716232,0,1,0
0,1,0,0,1,0.7078318506889936,1,0,0,0,0,0,0,0,1,0,0,0,0,0.2970012017125546,1,0,0
1,0,0,0,1,0.27175998604570034,1,0,0,0,0,0,0,1,0,0,0,0,0,0.11803893914216915,0,0,1
1,0,0,1,0,0.42874585731728587,1,0,0,0,0,0,0,1,0,0,0,0,0,0.22998554594151666,1,0,0
1,0,0,1,0,0.4461887319030176,0,1,0,0,0,0,0,1,0,0,0,0,0,0.22014947537403112,0,1,0
0,0,1,1,0,0.6206174777603349,1,0,0,0,0,0,0,0,1,0,0,0,0,1.0,0,1,0
0,0,1,0,1,0.8997034711320425,0,1,0,0,0,0,0,1,0,0,0,0,0,1.0,0,1,0
0,1,0,1,0,0.5857317285888715,0,1,0,0,0,0,0,1,0,0,0,0,0,0.31984744799813575,1,0,0
1,0,0,1,0,0.7427175998604569,1,0,0,0,0,0,0,1,0,0,0,0,0,0.12260818839928538,1,0,0
0,1,0,1,0,0.6729461015175301,1,0,0,0,0,0,0,1,0,0,0,0,0,0.39600160228340614,1,0,0
0,1,0,1,0,0.8822605965463108,1,0,0,0,0,0,0,1,0,0,0,0,0,0.1907661564846024,1,0,0
1,0,0,0,1,0.34153148438862724,0,1,0,0,0,0,0,1,0,0,0,0,0,0.14964291317055636,1,0,0
0,0,1,1,0,0.6903889761032618,1,0,0,0,0,0,0,1,0,0,0,0,0,0.5330790799968929,1,0,0
1,0,0,1,0,0.5246816675388104,1,0,0,0,0,0,0,1,0,0,0,0,0,0.12260818839928538,1,0,0
1,0,0,1,0,0.42874585731728587,1,0,0,0,0,0,0,1,0,0,0,0,0,0.10737735754223128,1,0,0
1,0,0,1,0,0.4113029827315542,1,0,0,0,0,0,0,1,0,0,0,0,0,0.14469289314201378,1,0,0
1,0,0,1,0,0.42874585731728587,1,0,0,0,0,0,0,1,0,0,0,0,0,0.11004275294221574,0,1,0
0,0,1,1,0,0.8124890982033839,1,0,0,0,0,0,0,1,0,0,0,0,0,0.3897188845548713,1,0,0
0,1,0,0,1,0.3240886098028955,1,0,0,0,0,0,0,1,0,0,0,0,0,0.39600160228340614,1,0,0
1,0,0,1,0,0.3764172335600907,1,0,0,0,0,0,0,1,0,0,0,0,0,0.1104235237136421,1,0,0
0,1,0,0,1,0.4810744810744811,0,1,0,0,0,0,0,1,0,0,0,0,0,0.39600160228340614,1,0,0
1,0,0,1,0,0.550845979417408,1,0,0,0,0,0,0,1,0,0,0,0,0,0.12736782304211478,1,0,0
0,1,0,1,0,0.4810744810744811,1,0,0,0,0,0,0,0,1,0,0,0,0,0.5026174182827847,1,0,0
1,0,0,1,0,0.42874585731728587,0,0,1,0,0,0,0,1,0,0,0,0,0,0.3301922283162469,0,1,0
0,0,1,1,0,1.0,0,1,0,0,0,0,0,0,1,0,0,0,0,1.0,0,1,0
1,0,0,1,0,0.7601604744461887,1,0,0,0,0,0,0,1,0,0,0,0,0,0.12070433454215361,1,0,0
0,0,1,1,0,0.3240886098028955,0,1,0,0,0,0,0,1,0,0,0,0,0,0.8087571185095719,1,0,0
0,0,1,0,1,0.3764172335600907,1,0,0,0,0,0,0,0,1,0,0,0,0,0.8376956971379745,1,0,0
1,0,0,0,1,0.7776033490319204,1,0,0,0,0,0,0,0,1,0,0,0,0,0.22014947537403112,0,1,0
1,0,0,1,0,0.6991104133961277,1,0,0,0,0,0,0,0,0,1,0,0,0,0.2208470474272842,1,0,0
0,1,0,1,0,0.3066457352171638,1,0,0,0,0,0,0,1,0,0,0,0,0,0.17515455485612194,1,0,0
0,1,0,1,0,0.5334031048316763,0,1,0,0,0,0,0,0,1,0,0,0,0,0.39980930999766967,1,0,0
1,0,0,1,0,0.358974358974359,1,0,0,0,0,0,0,1,0,0,0,0,0,0.1104235237136421,1,0,0
1,0,0,0,1,0.7776033490319204,1,0,0,0,0,0,0,1,0,0,0,0,0,0.11803893914216915,1,0,0
0,1,0,0,1,0.934589220303506,0,1,0,0,0,0,0,0,0,0,0,1,0,0.3503091097122439,1,0,0
1,0,0,1,0,0.4461887319030176,1,0,0,0,0,0,0,1,0,0,0,0,0,0.12025959428112763,1,0,0
1,0,0,1,0,0.18454561311704168,0,0,0,0,0,0,1,0,0,1,0,0,0,0.7143259671958365,1,0,0
1,0,0,1,0,0.42874585731728587,1,0,0,0,0,0,0,1,0,0,0,0,0,0.12025959428112763,1,0,0
0,0,1,0,1,0.4461887319030176,1,0,0,0,0,0,0,1,0,0,0,0,0,1.0,1,0,0
1,0,0,1,0,0.3764172335600907,0,1,0,0,0,0,0,1,0,0,0,0,0,0.1104235237136421,1,0,0
0,0,1,1,0,0.6206174777603349,1,0,0,0,0,0,0,1,0,0,0,0,0,0.4003804661548092,1,0,0
1,0,0,1,0,0.06244549101691958,0,0,0,0,0,1,0,0,0,1,0,0,0,0.4249401809118089,1,0,0
0,1,0,0,1,0.5857317285888715,1,0,0,0,0,0,0,1,0,0,0,0,0,0.15992372399906787,1,0,0
1,0,0,0,1,0.3676957962672248,0,0,0,0,0,1,0,0,1,0,0,0,0,0.38787900018733923,1,0,0
1,0,0,0,1,0.4113029827315542,1,0,0,0,0,0,0,1,0,0,0,0,0,0.13479285308492864,1,0,0
0,1,0,0,1,0.5334031048316763,0,1,0,0,0,0,0,0,1,0,0,0,0,0.39980930999766967,1,0,0
1,0,0,1,0,0.4810744810744811,1,0,0,0,0,0,0,1,0,0,0,0,0,0.11873651119542222,1,0,0
0,1,0,0,1,0.02755974184545613,0,1,0,0,0,0,0,0,1,0,0,0,0,0.39600160228340614,1,0,0
0,0,1,1,0,0.4461887319030176,1,0,0,0,0,0,0,1,0,0,0,0,0,0.45692492571162246,0,1,0
0,0,1,1,0,0.8299319727891157,0,1,0,0,0,0,0,1,0,0,0,0,0,1.0,0,1,0
1,0,0,1,0,0.42874585731728587,0,1,0,0,0,0,0,1,0,0,0,0,0,0.3041094304735418,1,0,0
0,0,1,0,1,1.0,1,0,0,0,0,0,0,0,1,0,0,0,0,1.0,1,0,0
1,0,0,0,1,0.3066457352171638,1,0,0,0,0,0,0,0,1,0,0,0,0,0.14240826851345567,1,0,0
0,0,1,0,1,1.0,0,1,0,0,0,0,0,1,0,0,0,0,0,1.0,0,1,0
1,0,0,1,0,0.34153148438862724,1,0,0,0,0,0,0,1,0,0,0,0,0,0.12070433454215361,1,0,0
0,1,0,0,1,0.5682888540031397,0,1,0,0,0,0,0,0,0,1,0,0,0,0.4226555562832508,1,0,0
1,0,0,1,0,0.4810744810744811,1,0,0,0,0,0,0,1,0,0,0,0,0,0.3430744650551432,1,0,0
0,0,1,0,1,0.3764172335600907,1,0,0,0,0,0,0,1,0,0,0,0,0,1.0,1,0,0
1,0,0,0,1,0.3676957962672248,1,0,0,0,0,0,0,1,0,0,0,0,0,0.12260818839928538,1,0,0
1,0,0,1,0,0.4810744810744811,0,0,1,0,0,0,0,1,0,0,0,0,0,0.12070433454215361,1,0,0
1,0,0,1,0,0.7252747252747253,1,0,0,0,0,0,0,1,0,0,0,0,0,0.11499277297075833,1,0,0
1,0,0,0,1,0.4985173556602128,0,1,0,0,0,0,0,0,1,0,0,0,0,0.15935256784192836,1,0,0
1,0,0,0,1,0.6380603523460666,1,0,0,0,0,0,0,1,0,0,0,0,0,0.14602559084200603,1,0,0
0,0,1,0,1,0.6555032269317983,0,1,0,0,0,0,0,1,0,0,0,0,0,1.0,0,1,0
0,0,1,1,0,0.3764172335600907,1,0,0,0,0,0,0,1,0,0,0,0,0,1.0,0,1,0
1,0,0,1,0,0.5334031048316763,1,0,0,0,0,0,0,1,0,0,0,0,0,0.12070433454215361,1,0,0
1,0,0,1,0,0.6206174777603349,1,0,0,0,0,0,0,1,0,0,0,0,0,0.0,1,0,0
1,0,0,1,0,0.7252747252747253,1,0,0,0,0,0,0,1,0,0,0,0,0,0.11651585605646374,1,0,0
1,0,0,1,0,0.42874585731728587,0,1,0,0,0,0,0,1,0,0,0,0,0,0.36782456519785606,0,0,1
0,1,0,1,0,0.7427175998604569,0,1,0,0,0,0,0,0,1,0,0,0,0,0.39980930999766967,1,0,0
0,0,1,1,0,1.0,1,0,0,0,0,0,0,0,0,1,0,0,0,1.0,0,1,0
1,0,0,0,1,0.3066457352171638,0,1,0,0,0,0,0,1,0,0,0,0,0,0.2711087892555627,1,0,0
1,0,0,0,1,0.5246816675388104,1,0,0,0,0,0,0,1,0,0,0,0,0,0.11803893914216915,0,0,1
0,1,0,1,0,0.5159602302459445,1,0,0,0,0,0,0,1,0,0,0,0,0,0.22922400439866397,0,1,0
0,0,1,0,1,0.6555032269317983,1,0,0,0,0,0,0,1,0,0,0,0,0,1.0,0,1,0
1,0,0,1,0,0.27175998604570034,0,0,1,0,0,0,0,1,0,0,0,0,0,0.2741549554269735,1,0,0
1,0,0,1,0,0.34153148438862724,1,0,0,0,0,0,0,1,0,0,0,0,0,0.10737735754223128,1,0,0
1,0,0,0,1,0.27175998604570034,1,0,0,0,0,0,0,1,0,0,0,0,0,0.11778458426685634,0,0,1
1,0,0,0,1,0.3066457352171638,1,0,0,0,0,0,0,1,0,0,0,0,0,0.10280810828511507,0,0,1
1,0,0,1,0,0.42874585731728587,1,0,0,0,0,0,0,1,0,0,0,0,0,0.12260818839928538,1,0,0
1,0,0,1,0,0.5682888540031397,0,1,0,0,0,0,0,0,1,0,0,0,0,0.31261280334103503,1,0,0
0,1,0,0,1,0.6903889761032618,1,0,0,0,0,0,0,1,0,0,0,0,0,0.2398855859986018,1,0,0
1,0,0,1,0,0.27175998604570034,1,0,0,0,0,0,0,1,0,0,0,0,0,0.14469289314201378,1,0,0
1,0,0,1,0,0.42874585731728587,1,0,0,0,0,0,0,1,0,0,0,0,0,0.11784855375645596,0,0,1
1,0,0,0,1,0.8124890982033839,0,1,0,0,0,0,0,1,0,0,0,0,0,0.2208470474272842,1,0,0
0,0,1,1,0,0.6903889761032618,1,0,0,0,0,0,0,1,0,0,0,0,0,1.0,1,0,0
0,0,1,1,0,0.42874585731728587,0,1,0,0,0,0,0,1,0,0,0,0,0,0.8444231551275353,0,1,0
1,0,0,1,0,0.14965986394557823,0,0,0,1,0,0,0,0,0,1,0,0,0,0.478057703525785,1,0,0
1,0,0,1,0,0.3240886098028955,1,0,0,0,0,0,0,1,0,0,0,0,0,0.12025959428112763,1,0,0
0,0,1,0,1,0.27175998604570034,1,0,0,0,0,0,0,0,1,0,0,0,0,0.88307138842731,0,1,0
0,1,0,0,1,0.4113029827315542,1,0,0,0,0,0,0,1,0,0,0,0,0,0.19800080114170307,1,0,0
1,0,0,0,1,0.24559567416710273,0,1,0,0,0,0,0,1,0,0,0,0,0,0.22014947537403112,0,1,0
0,0,1,0,1,0.7078318506889936,1,0,0,0,0,0,0,1,0,0,0,0,0,1.0,0,1,0
0,1,0,0,1,0.550845979417408,1,0,0,0,0,0,0,1,0,0,0,0,0,0.19800080114170307,1,0,0
1,0,0,1,0,0.550845979417408,1,0,0,0,0,0,0,1,0,0,0,0,0,0.12070433454215361,1,0,0
0,1,0,1,0,0.02755974184545613,0,1,0,0,0,0,0,0,1,0,0,0,0,0.39600160228340614,1,0,0
1,0,0,0,1,0.0798883656026513,1,0,0,0,0,0,0,1,0,0,0,0,0,0.19000461494174967,1,0,0
1,0,0,1,0,0.39386010814582245,1,0,0,0,0,0,0,1,0,0,0,0,0,0.12025959428112763,1,0,0
0,0,1,1,0,0.18454561311704168,0,1,0,0,0,0,0,0,0,1,0,0,0,1.0,1,0,0
1,0,0,0,1,0.5159602302459445,0,1,0,0,0,0,0,0,1,0,0,0,0,0.36782456519785606,1,0,0
0,1,0,1,0,0.46363160648874935,1,0,0,0,0,0,0,1,0,0,0,0,0,0.39600160228340614,1,0,0
1,0,0,1,0,0.42874585731728587,1,0,0,0,0,0,0,1,0,0,0,0,0,0.11765816837074279,0,0,1
0,1,0,0,1,0.864817721960579,1,0,0,0,0,0,0,0,1,0,0,0,0,0.39600160228340614,1,0,0
1,0,0,1,0,0.5159602302459445,1,0,0,0,0,0,0,1,0,0,0,0,0,0.11010672243181537,0,1,0
1,0,0,0,1,0.3066457352171638,1,0,0,0,0,0,0,1,0,0,0,0,0,0.1184197099135955,1,0,0
0,0,1,0,1,0.6729461015175301,0,1,0,0,0,0,0,0,1,0,0,0,0,1.0,0,1,0
1,0,0,0,1,0.3676957962672248,1,0,0,0,0,0,0,1,0,0,0,0,0,0.11803893914216915,0,0,1
1,0,0,1,0,0.4985173556602128,1,0,0,0,0,0,0,1,0,0,0,0,0,0.12025959428112763,0,1,0
0,1,0,1,0,0.3240886098028955,1,0,0,0,0,0,0,1,0,0,0,0,0,0.15992372399906787,1,0,0
1,0,0,1,0,0.3764172335600907,1,0,0,0,0,0,0,1,0,0,0,0,0,0.12025959428112763,1,0,0
0,1,0,0,1,0.04500261643118786,0,1,0,0,0,0,0,0,0,1,0,0,0,0.6332857623716232,0,1,0
1,0,0,1,0,0.16710273853130994,0,0,0,0,0,1,0,0,0,1,0,0,0,0.4249401809118089,1,0,0
0,0,1,0,1,0.5159602302459445,1,0,0,0,0,0,0,1,0,0,0,0,0,0.8670790160274033,0,1,0
1,0,0,0,1,0.4461887319030176,0,1,0,0,0,0,0,1,0,0,0,0,0,0.24521637679857075,1,0,0
1,0,0,1,0,0.14965986394557823,1,0,0,0,0,0,0,0,0,1,0,0,0,0.31261280334103503,1,0,0
1,0,0,1,0,0.34153148438862724,1,0,0,0,0,0,0,1,0,0,0,0,0,0.14469289314201378,1,0,0
0,0,1,1,0,0.8997034711320425,0,1,0,0,0,0,0,0,1,0,0,0,0,1.0,1,0,0
0,1,0,1,0,0.4985173556602128,1,0,0,0,0,0,0,1,0,0,0,0,0,0.15992372399906787,1,0,0
0,0,1,1,0,0.39386010814582245,1,0,0,0,0,0,0,0,1,0,0,0,0,0.9649995506904897,0,1,0
1,0,0,1,0,0.358974358974359,1,0,0,0,0,0,0,1,0,0,0,0,0,0.11778458426685634,0,0,1
1,0,0,1,0,0.02755974184545613,0,0,0,1,0,0,0,0,1,0,0,0,0,0.6044735996393339,1,0,0
0,0,1,1,0,0.46363160648874935,1,0,0,0,0,0,0,0,0,1,0,0,0,1.0,0,1,0
1,0,0,1,0,0.42874585731728587,0,0,0,0,0,1,0,0,1,0,0,0,0,0.38787900018733923,1,0,0
0,0,1,1,0,0.4810744810744811,1,0,0,0,0,0,0,1,0,0,0,0,0,0.40437855925478594,1,0,0
1,0,0,1,0,0.09733124018838304,1,0,0,0,0,0,0,0,1,0,0,0,0,0.19000461494174967,1,0,0
1,0,0,1,0,0.2892028606314321,1,0,0,0,0,0,0,1,0,0,0,0,0,0.131937072299231,1,0,0
1,0,0,1,0,0.42874585731728587,1,0,0,0,0,0,0,1,0,0,0,0,0,0.11803893914216915,0,0,1
1,0,0,1,0,0.6031746031746031,1,0,0,0,0,0,0,1,0,0,0,0,0,0.10737735754223128,1,0,0
1,0,0,0,1,0.4461887319030176,1,0,0,0,0,0,0,1,0,0,0,0,0,0.11962599171747418,1,0,0
1,0,0,0,1,0.3676957962672248,1,0,0,0,0,0,0,1,0,0,0,0,0,0.12394088609927759,0,0,1
0,0,1,1,0,0.6903889761032618,1,0,0,0,0,0,0,1,0,0,0,0,0,0.6457872283390931,1,0,0
1,0,0,1,0,0.27175998604570034,0,1,0,0,0,0,0,0,1,0,0,0,0,0.30842432485534516,1,0,0
0,1,0,1,0,0.8997034711320425,1,0,0,0,0,0,0,1,0,0,0,0,0,0.20561621657023013,1,0,0
1,0,0,1,0,0.358974358974359,1,0,0,0,0,0,0,1,0,0,0,0,0,0.1184197099135955,1,0,0
1,0,0,1,0,0.42874585731728587,0,1,0,0,0,0,0,0,0,1,0,0,0,0.35716298359791826,1,0,0
1,0,0,0,1,0.0798883656026513,0,0,1,0,0,0,0,0,1,0,0,0,0,0.2933199098944046,0,1,0
1,0,0,1,0,0.358974358974359,1,0,0,0,0,0,0,1,0,0,0,0,0,0.12070433454215361,1,0,0
0,0,1,0,1,0.934589220303506,0,1,0,0,0,0,0,1,0,0,0,0,0,1.0,0,1,0
1,0,0,1,0,0.42874585731728587,1,0,0,0,0,0,0,1,0,0,0,0,0,0.12356011532785126,1,0,0
0,1,0,0,1,0.6206174777603349,1,0,0,0,0,0,0,1,0,0,0,0,0,0.19800080114170307,1,0,0
1,0,0,0,1,0.23687423687423687,0,1,0,0,0,0,0,1,0,0,0,0,0,0.17122043124574488,0,1,0
1,0,0,1,0,0.02755974184545613,0,0,0,0,0,1,0,0,1,0,0,0,0,0.3209897603124148,1,0,0
0,0,1,0,1,0.6031746031746031,1,0,0,0,0,0,0,1,0,0,0,0,0,1.0,1,0,0
0,1,0,0,1,0.4810744810744811,1,0,0,0,0,0,0,1,0,0,0,0,0,0.19800080114170307,1,0,0
0,0,1,1,0,0.4113029827315542,1,0,0,0,0,0,0,0,1,0,0,0,0,1.0,0,1,0
1,0,0,1,0,0.5682888540031397,1,0,0,0,0,0,0,1,0,0,0,0,0,0.14469289314201378,1,0,0
0,0,1,1,0,0.9694749694749695,1,0,0,0,0,0,0,1,0,0,0,0,0,0.4675225378219607,0,1,0
1,0,0,1,0,0.3240886098028955,1,0,0,0,0,0,0,1,0,0,0,0,0,0.15490973448092565,1,0,0
0,0,1,1,0,1.0,1,0,0,0,0,0,0,0,1,0,0,0,0,0.9439947118555264,0,1,0
0,0,1,1,0,0.8822605965463108,1,0,0,0,0,0,0,0,1,0,0,0,0,0.9348562133412939,0,1,0
0,1,0,0,1,0.46363160648874935,0,1,0,0,0,0,0,1,0,0,0,0,0,0.2110734232663126,0,1,0
1,0,0,1,0,0.5682888540031397,1,0,0,0,0,0,0,1,0,0,0,0,0,0.12025959428112763,1,0,0
1,0,0,1,0,0.4113029827315542,1,0,0,0,0,0,0,1,0,0,0,0,0,0.12260818839928538,1,0,0
0,0,1,1,0,0.2892028606314321,1,0,0,0,0,0,0,0,0,1,0,0,0,1.0,0,1,0
0,0,1,0,1,0.358974358974359,0,0,1,0,0,0,0,0,0,1,0,0,0,1.0,0,1,0
1,0,0,1,0,0.3066457352171638,1,0,0,0,0,0,0,1,0,0,0,0,0,0.12260818839928538,1,0,0
1,0,0,1,0,0.8124890982033839,1,0,0,0,0,0,0,1,0,0,0,0,0,0.1104235237136421,1,0,0
1,0,0,0,1,0.5682888540031397,0,0,0,0,0,1,0,1,0,0,0,0,0,0.24140866908430722,1,0,0
1,0,0,0,1,0.550845979417408,0,1,0,0,0,0,0,0,1,0,0,0,0,0.2360778782843383,0,0,1
1,0,0,1,0,0.14965986394557823,0,1,0,0,0,0,0,0,1,0,0,0,0,0.24217021062715993,1,0,0
1,0,0,1,0,0.550845979417408,1,0,0,0,0,0,0,1,0,0,0,0,0,0.12260818839928538,1,0,0
1,0,0,1,0,0.4461887319030176,0,0,1,0,0,0,0,1,0,0,0,0,0,0.131937072299231,1,0,0
0,0,1,0,1,0.6903889761032618,0,1,0,0,0,0,0,0,1,0,0,0,0,1.0,0,1,0
0,0,1,1,0,0.7950462236176522,1,0,0,0,0,0,0,1,0,0,0,0,0,1.0,0,1,0
1,0,0,1,0,0.34153148438862724,1,0,0,0,0,0,0,1,0,0,0,0,0,0.12260818839928538,1,0,0
1,0,0,0,1,0.5334031048316763,0,1,0,0,0,0,0,0,1,0,0,0,0,0.31261280334103503,1,0,0
1,0,0,1,0,0.27175998604570034,1,0,0,0,0,0,0,1,0,0,0,0,0,0.12260818839928538,1,0,0
1,0,0,0,1,0.4985173556602128,1,0,0,0,0,0,0,0,0,1,0,0,0,0.23220620108047513,0,1,0
1,0,0,1,0,0.3066457352171638,0,1,0,0,0,0,0,0,1,0,0,0,0,0.3078531686982056,1,0,0
1,0,0,1,0,0.04500261643118786,0,1,0,0,0,0,0,0,1,0,0,0,0,0.24217021062715993,1,0,0
1,0,0,1,0,0.42874585731728587,1,0,0,0,0,0,0,1,0,0,0,0,0,0.12882693663822053,0,0,1
0,1,0,1,0,0.864817721960579,1,0,0,0,0,0,0,1,0,0,0,0,0,0.19800080114170307,1,0,0
0,1,0,1,0,0.934589220303506,1,0,0,0,0,0,0,1,0,0,0,0,0,0.39600160228340614,1,0,0
0,0,1,1,0,0.6903889761032618,1,0,0,0,0,0,0,1,0,0,0,0,0,0.7615415428527041,1,0,0
1,0,0,0,1,0.3066457352171638,1,0,0,0,0,0,0,0,1,0,0,0,0,0.22014947537403112,0,1,0
1,0,0,0,1,0.3240886098028955,0,1,0,0,0,0,0,1,0,0,0,0,0,0.11962599171747418,1,0,0
0,0,1,0,1,0.3066457352171638,0,1,0,0,0,0,0,1,0,0,0,0,0,1.0,0,1,0
0,0,1,1,0,0.5682888540031397,1,0,0,0,0,0,0,1,0,0,0,0,0,0.07615415428527042,1,0,0
0,0,1,1,0,1.0,1,0,0,0,0,0,0,1,0,0,0,0,0,0.45235567645450625,0,1,0
0,0,1,1,0,1.0,1,0,0,0,0,0,0,1,0,0,0,0,0,0.7539900969137767,0,1,0
1,0,0,1,0,0.46363160648874935,1,0,0,0,0,0,0,1,0,0,0,0,0,0.11873651119542222,1,0,0
1,0,0,0,1,0.8299319727891157,0,1,0,0,0,0,0,0,0,0,0,1,0,0.5235598107112341,1,0,0
0,1,0,1,0,0.4985173556602128,0,1,0,0,0,0,0,1,0,0,0,0,0,0.4222108160222248,0,1,0
1,0,0,0,1,0.21943136228850513,1,0,0,0,0,0,0,1,0,0,0,0,0,0.11010672243181537,0,1,0
0,0,1,1,0,0.864817721960579,0,0,1,0,0,0,0,1,0,0,0,0,0,1.0,1,0,0
0,0,1,1,0,0.934589220303506,1,0,0,0,0,0,0,1,0,0,0,0,0,0.7899089653239674,1,0,0
1,0,0,0,1,0.3676957962672248,1,0,0,0,0,0,0,1,0,0,0,0,0,0.11924522094604782,0,0,1
0,0,1,1,0,0.7863247863247863,1,0,0,0,0,0,0,1,0,0,0,0,0,0.4340786794260414,1,0,0
1,0,0,1,0,0.3066457352171638,1,0,0,0,0,0,0,1,0,0,0,0,0,0.11803893914216915,1,0,0
1,0,0,0,1,0.3066457352171638,1,0,0,0,0,0,0,1,0,0,0,0,0,0.114167261938306,1,0,0
1,0,0,1,0,0.42874585731728587,1,0,0,0,0,0,0,1,0,0,0,0,0,0.12025959428112763,0,1,0
1,0,0,0,1,0.3676957962672248,1,0,0,0,0,0,0,1,0,0,0,0,0,0.11803893914216915,0,0,1
0,0,1,1,0,1.0,1,0,0,0,0,0,0,1,0,0,0,0,0,0.45692492571162246,1,0,0
1,0,0,1,0,0.2892028606314321,1,0,0,0,0,0,0,1,0,0,0,0,0,0.10851966985651035,1,0,0
1,0,0,0,1,0.46363160648874935,1,0,0,0,0,0,0,0,1,0,0,0,0,0.19000461494174967,1,0,0
0,0,1,0,1,0.27175998604570034,1,0,0,0,0,0,0,1,0,0,0,0,0,1.0,1,0,0
1,0,0,1,0,0.6903889761032618,0,1,0,0,0,0,0,0,1,0,0,0,0,0.2360778782843383,0,0,1
1,0,0,1,0,0.39386010814582245,1,0,0,0,0,0,0,1,0,0,0,0,0,0.1405044146563239,1,0,0
1,0,0,0,1,0.18454561311704168,0,0,0,1,0,0,0,0,0,1,0,0,0,0.4763442350543664,1,0,0
1,0,0,1,0,0.34153148438862724,0,1,0,0,0,0,0,1,0,0,0,0,0,0.12070433454215361,1,0,0
0,1,0,0,1,0.42874585731728587,1,0,0,0,0,0,0,0,1,0,0,0,0,0.39600160228340614,1,0,0
1,0,0,1,0,0.14965986394557823,0,0,0,0,0,0,1,0,0,1,0,0,0,0.7143259671958365,1,0,0
0,1,0,0,1,0.358974358974359,1,0,0,0,0,0,0,1,0,0,0,0,0,0.15992372399906787,1,0,0
0,0,1,1,0,0.4113029827315542,1,0,0,0,0,0,0,1,0,0,0,0,0,1.0,0,1,0
0,1,0,0,1,0.39386010814582245,1,0,0,0,0,0,0,1,0,0,0,0,0,0.2100590499312328,0,1,0
0,0,1,1,0,0.6903889761032618,1,0,0,0,0,0,0,1,0,0,0,0,0,0.45235567645450625,0,1,0
0,1,0,1,0,0.5334031048316763,1,0,0,0,0,0,0,1,0,0,0,0,0,0.19800080114170307,1,0,0
0,1,0,0,1,0.9869178440607012,1,0,0,0,0,0,0,1,0,0,0,0,0,0.15992372399906787,1,0,0
0,1,0,1,0,0.39386010814582245,1,0,0,0,0,0,0,1,0,0,0,0,0,0.2291600349090643,0,1,0
1,0,0,1,0,0.42874585731728587,1,0,0,0,0,0,0,1,0,0,0,0,0,0.11010672243181537,0,1,0
0,0,1,1,0,0.6206174777603349,1,0,0,0,0,0,0,1,0,0,0,0,0,0.6111370881392951,0,1,0
0,0,1,1,0,0.6903889761032618,1,0,0,0,0,0,0,1,0,0,0,0,0,1.0,0,1,0
1,0,0,1,0,0.34153148438862724,1,0,0,0,0,0,0,1,0,0,0,0,0,0.1499597144523831,1,0,0
1,0,0,1,0,0.4810744810744811,1,0,0,0,0,0,0,1,0,0,0,0,0,0.8604779739339561,1,0,0
1,0,0,0,1,0.7078318506889936,1,0,0,0,0,0,0,0,0,1,0,0,0,0.3078531686982056,1,0,0
1,0,0,1,0,0.8299319727891157,1,0,0,0,0,0,0,1,0,0,0,0,0,0.11962599171747418,1,0,0
0,0,1,1,0,0.3066457352171638,0,1,0,0,0,0,0,1,0,0,0,0,0,1.0,0,1,0
1,0,0,1,0,0.42874585731728587,1,0,0,0,0,0,0,1,0,0,0,0,0,0.1179125232460556,0,0,1
0,0,1,1,0,0.9694749694749695,1,0,0,0,0,0,0,1,0,0,0,0,0,0.40437855925478594,1,0,0
1,0,0,1,0,0.010116867259724403,0,0,0,1,0,0,0,0,1,0,0,0,0,0.6044735996393339,1,0,0
0,1,0,0,1,0.5682888540031397,1,0,0,0,0,0,0,0,0,1,0,0,0,0.39600160228340614,1,0,0
0,1,0,0,1,0.6555032269317983,1,0,0,0,0,0,0,1,0,0,0,0,0,0.19800080114170307,1,0,0
1,0,0,1,0,0.4810744810744811,0,1,0,0,0,0,0,1,0,0,0,0,0,0.24140866908430722,1,0,0
1,0,0,1,0,0.3240886098028955,1,0,0,0,0,0,0,1,0,0,0,0,0,0.11651585605646374,1,0,0
1,0,0,1,0,0.7427175998604569,1,0,0,0,0,0,0,1,0,0,0,0,0,0.09823885902799884,1,0,0
1,0,0,1,0,0.27175998604570034,1,0,0,0,0,0,0,1,0,0,0,0,0,0.12260818839928538,1,0,0
1,0,0,1,0,0.46363160648874935,1,0,0,0,0,0,0,1,0,0,0,0,0,0.12025959428112763,1,0,0
0,0,1,1,0,0.8299319727891157,0,1,0,0,0,0,0,1,0,0,0,0,0,0.7920032045668123,1,0,0
0,1,0,0,1,0.0798883656026513,0,1,0,0,0,0,0,0,0,1,0,0,0,0.4226555562832508,1,0,0
1,0,0,0,1,0.3676957962672248,0,1,0,0,0,0,0,1,0,0,0,0,0,0.36782456519785606,0,0,1
1,0,0,1,0,0.7776033490319204,1,0,0,0,0,0,0,1,0,0,0,0,0,0.12260818839928538,1,0,0
0,1,0,1,0,0.358974358974359,0,0,1,0,0,0,0,1,0,0,0,0,0,1.0,1,0,0
0,0,1,0,1,0.8473748473748474,0,1,0,0,0,0,0,1,0,0,0,0,0,1.0,0,1,0
1,0,0,1,0,0.550845979417408,0,1,0,0,0,0,0,1,0,0,0,0,0,0.24140866908430722,1,0,0
1,0,0,1,0,0.358974358974359,1,0,0,0,0,0,0,1,0,0,0,0,0,0.12260818839928538,1,0,0
0,0,1,0,1,0.02755974184545613,0,1,0,0,0,0,0,0,0,1,0,0,0,1.0,1,0,0
1,0,0,0,1,0.4113029827315542,1,0,0,0,0,0,0,0,0,1,0,0,0,0.25435487531280315,1,0,0
0,0,1,1,0,0.6903889761032618,1,0,0,0,0,0,0,1,0,0,0,0,0,0.3948592899691271,1,0,0
1,0,0,1,0,0.34153148438862724,1,0,0,0,0,0,0,1,0,0,0,0,0,0.131937072299231,1,0,0
0,0,1,1,0,0.6903889761032618,1,0,0,0,0,0,0,1,0,0,0,0,0,0.45692492571162246,1,0,0
0,0,1,1,0,0.6206174777603349,0,1,0,0,0,0,0,0,0,1,0,0,0,1.0,1,0,0
1,0,0,0,1,0.0798883656026513,0,0,0,1,0,0,0,0,0,1,0,0,0,0.478057703525785,1,0,0
1,0,0,1,0,0.4897959183673469,1,0,0,0,0,0,0,1,0,0,0,0,0,0.11010672243181537,0,1,0
0,1,0,1,0,0.5159602302459445,1,0,0,0,0,0,0,1,0,0,0,0,0,0.19800080114170307,1,0,0
0,0,1,1,0,1.0,1,0,0,0,0,0,0,1,0,0,0,0,0,0.40437855925478594,1,0,0
1,0,0,0,1,0.3676957962672248,0,0,0,0,1,0,0,0,0,1,0,0,0,1.0,1,0,0
0,0,1,0,1,0.864817721960579,1,0,0,0,0,0,0,1,0,0,0,0,0,0.4373152309831653,0,1,0
1,0,0,1,0,0.6031746031746031,1,0,0,0,0,0,0,1,0,0,0,0,0,0.10851966985651035,1,0,0
1,0,0,0,1,0.46363160648874935,1,0,0,0,0,0,0,1,0,0,0,0,0,0.12070433454215361,1,0,0
1,0,0,1,0,0.2892028606314321,0,1,0,0,0,0,0,0,1,0,0,0,0,0.11010672243181537,0,1,0
1,0,0,0,1,0.4113029827315542,1,0,0,0,0,0,0,0,0,0,0,1,0,0.2933199098944046,0,1,0
1,0,0,0,1,0.5159602302459445,1,0,0,0,0,0,0,1,0,0,0,0,0,0.131937072299231,1,0,0
1,0,0,1,0,0.4113029827315542,1,0,0,0,0,0,0,1,0,0,0,0,0,0.10877402473182314,1,0,0
1,0,0,1,0,0.42874585731728587,0,1,0,0,0,0,0,1,0,0,0,0,0,0.24521637679857075,1,0,0
0,1,0,0,1,0.3764172335600907,0,1,0,0,0,0,0,0,1,0,0,0,0,0.4416940948545684,1,0,0
1,0,0,1,0,0.5159602302459445,1,0,0,0,0,0,0,1,0,0,0,0,0,0.12025959428112763,1,0,0
1,0,0,1,0,0.6206174777603349,1,0,0,0,0,0,0,1,0,0,0,0,0,0.12025959428112763,1,0,0
1,0,0,0,1,0.23687423687423687,1,0,0,0,0,0,0,1,0,0,0,0,0,0.11962599171747418,1,0,0
1,0,0,1,0,0.6903889761032618,1,0,0,0,0,0,0,1,0,0,0,0,0,0.11004275294221574,0,1,0
0,1,0,0,1,0.4810744810744811,1,0,0,0,0,0,0,1,0,0,0,0,0,0.19267001034173414,1,0,0
1,0,0,1,0,0.4025815454386883,1,0,0,0,0,0,0,1,0,0,0,0,0,0.11010672243181537,0,1,0
1,0,0,1,0,0.0,1,0,0,0,0,0,0,0,1,0,0,0,0,0.12971641716027252,0,1,0
1,0,0,0,1,0.6206174777603349,0,1,0,0,0,0,0,1,0,0,0,0,0,0.265016456912741,1,0,0
0,1,0,0,1,0.6903889761032618,1,0,0,0,0,0,0,1,0,0,0,0,0,0.19800080114170307,1,0,0
0,1,0,1,0,0.3240886098028955,1,0,0,0,0,0,0,1,0,0,0,0,0,0.19800080114170307,1,0,0
0,0,1,1,0,0.6206174777603349,0,1,0,0,0,0,0,1,0,0,0,0,0,1.0,1,0,0
0,1,0,1,0,0.5159602302459445,0,1,0,0,0,0,0,1,0,0,0,0,0,0.365539940569298,0,1,0
0,1,0,1,0,0.1322169893598465,0,1,0,0,0,0,0,0,1,0,0,0,0,0.5597330339967376,1,0,0
0,0,1,1,0,0.6031746031746031,1,0,0,0,0,0,0,1,0,0,0,0,0,0.40437855925478594,0,1,0
1,0,0,0,1,0.4810744810744811,0,1,0,0,0,0,0,0,1,0,0,0,0,0.2193239643415788,1,0,0
1,0,0,1,0,0.3066457352171638,1,0,0,0,0,0,0,1,0,0,0,0,0,0.11873651119542222,1,0,0
0,0,1,0,1,0.6206174777603349,1,0,0,0,0,0,0,1,0,0,0,0,0,1.0,0,1,0
1,0,0,0,1,0.3676957962672248,1,0,0,0,0,0,0,1,0,0,0,0,0,0.11010672243181537,0,1,0
1,0,0,1,0,0.3240886098028955,1,0,0,0,0,0,0,1,0,0,0,0,0,0.1184197099135955,1,0,0
0,0,1,0,1,0.3066457352171638,1,0,0,0,0,0,0,0,0,1,0,0,0,1.0,1,0,0
1,0,0,1,0,0.42874585731728587,1,0,0,0,0,0,0,1,0,0,0,0,0,0.11651585605646374,1,0,0
0,0,1,0,1,0.39386010814582245,0,0,0,0,0,1,0,0,0,1,0,0,0,1.0,1,0,0
0,1,0,1,0,0.5682888540031397,1,0,0,0,0,0,0,1,0,0,0,0,0,0.18695844877033888,1,0,0
0,1,0,1,0,0.7252747252747253,1,0,0,0,0,0,0,1,0,0,0,0,0,0.19800080114170307,1,0,0
1,0,0,1,0,0.5159602302459445,1,0,0,0,0,0,0,1,0,0,0,0,0,0.12260818839928538,1,0,0
0,1,0,0,1,0.6206174777603349,0,1,0,0,0,0,0,1,0,0,0,0,0,0.39600160228340614,1,0,0
0,0,1,0,1,0.8299319727891157,1,0,0,0,0,0,0,1,0,0,0,0,0,0.39492325945872675,1,0,0
1,0,0,1,0,0.550845979417408,1,0,0,0,0,0,0,1,0,0,0,0,0,0.12025959428112763,1,0,0
0,0,1,1,0,1.0,1,0,0,0,0,0,0,1,0,0,0,0,0,0.39600160228340614,1,0,0
0,0,1,1,0,0.864817721960579,0,1,0,0,0,0,0,1,0,0,0,0,0,0.8514034449093232,1,0,0
0,1,0,1,0,0.39386010814582245,1,0,0,0,0,0,0,1,0,0,0,0,0,0.19800080114170307,1,0,0
