age,sex_male,sex_female,bmi,children_0.0,children_2.0,children_3.0,children_1.0,children_5.0,children_4.0,smoker_no,smoker_yes,region_northeast,region_northwest,region_southeast,region_southwest
0.10869565217391308,1,0,0.27290137248643476,1,0,0,0,0,0,1,0,1,0,0,0
0.06521739130434784,1,0,0.3123204596233642,0,1,0,0,0,0,1,0,1,0,0,0
0.7391304347826086,0,1,0.6883179061602298,0,1,0,0,0,0,1,0,0,1,0,0
0.9782608695652173,1,0,0.8142355569741462,1,0,0,0,0,0,1,0,0,0,1,0
0.6304347826086956,0,1,0.3396105968720077,0,1,0,0,0,0,1,0,1,0,0,0
0.5,0,1,0.5311203319502076,0,0,1,0,0,0,1,0,0,0,0,1
0.4782608695652174,1,0,0.806575167571018,0,0,0,1,0,0,1,0,1,0,0,0
0.9130434782608696,0,1,0.36993297159272265,1,0,0,0,0,0,1,0,1,0,0,0
0.34782608695652173,1,0,0.20619214810086184,0,1,0,0,0,0,1,0,1,0,0,0
0.8478260869565217,0,1,0.13214171720395795,0,0,0,1,0,0,1,0,0,0,0,1
0.21739130434782616,0,1,0.04245132460900092,1,0,0,0,0,0,1,0,1,0,0,0
1.0,0,1,0.745930418129588,1,0,0,0,0,0,1,0,1,0,0,0
0.17391304347826086,1,0,0.3608362591765081,0,0,1,0,0,0,1,0,1,0,0,0
0.28260869565217395,0,1,0.5367060325566548,0,1,0,0,0,0,1,0,0,1,0,0
0.7173913043478262,0,1,0.5730928822215129,1,0,0,0,0,0,1,0,1,0,0,0
0.15217391304347827,1,0,0.3274816469837216,1,0,0,0,0,0,1,0,1,0,0,0
0.7173913043478262,0,1,0.6948611554420681,0,0,0,1,0,0,1,0,0,0,1,0
0.8478260869565217,0,1,0.3121608681774656,0,1,0,0,0,0,1,0,0,0,1,0
0.26086956521739135,1,0,0.37296520906479413,0,0,0,1,0,0,1,0,1,0,0,0
0.5652173913043479,0,1,0.3140759655282477,0,0,0,1,0,0,1,0,0,0,0,1
0.8478260869565217,0,1,0.2559846792211937,0,0,0,1,0,0,1,0,0,0,1,0
0.8478260869565217,1,0,0.3874880306415577,1,0,0,0,0,0,1,0,0,0,0,1
0.7391304347826086,1,0,0.8247685924034469,0,1,0,0,0,0,0,1,0,0,1,0
0.9130434782608696,0,1,0.6109160548994574,1,0,0,0,0,0,1,0,0,0,0,1
0.02173913043478265,1,0,0.46090009575486746,1,0,0,0,0,0,1,0,0,0,0,1
0.02173913043478265,1,0,0.048515799553144,1,0,0,0,0,0,1,0,0,1,0,0
0.6304347826086956,1,0,0.3016278327481646,0,0,0,1,0,0,0,1,0,0,1,0
0.6086956521739131,0,1,0.5215448451962974,0,1,0,0,0,0,1,0,1,0,0,0
0.08695652173913049,0,1,0.3858921161825726,1,0,0,0,0,0,1,0,0,0,1,0
0.7608695652173914,1,0,0.2668368975422917,1,0,0,0,0,0,1,0,0,1,0,0
0.8260869565217392,0,1,0.3092882221512926,1,0,0,0,0,0,1,0,0,1,0,0
0.4565217391304348,1,0,0.940631982125758,0,1,0,0,0,0,1,0,0,0,1,0
0.0,1,0,0.30322374720714973,1,0,0,0,0,0,1,0,1,0,0,0
0.02173913043478265,0,1,0.5406958187041173,1,0,0,0,0,0,1,0,0,0,0,1
0.8913043478260869,1,0,0.8037025215448452,0,0,0,1,0,0,0,1,0,0,1,0
0.26086956521739135,1,0,0.6246409192467284,1,0,0,0,0,0,0,1,0,0,1,0
0.043478260869565244,0,1,0.46696457069901054,1,0,0,0,0,0,1,0,1,0,0,0
0.08695652173913049,0,1,0.1698052984360039,0,0,1,0,0,0,1,0,0,1,0,0
0.34782608695652173,1,0,0.8353016278327481,0,1,0,0,0,0,1,0,0,0,1,0
0.26086956521739135,0,1,0.3747207149696775,1,0,0,0,0,0,1,0,0,0,0,1
1.0,0,1,0.50638365783594,0,1,0,0,0,0,1,0,1,0,0,0
0.08695652173913049,1,0,0.49122247047558254,0,0,0,1,0,0,1,0,0,1,0,0
0.32608695652173914,0,1,0.34264283434407916,1,0,0,0,0,0,1,0,0,1,0,0
0.9565217391304348,0,1,0.2885413341844877,1,0,0,0,0,0,1,0,0,0,0,1
0.4130434782608696,0,1,0.4730290456431535,1,0,0,0,0,0,0,1,1,0,0,0
0.7826086956521738,0,1,0.4736674114267475,0,0,1,0,0,0,1,0,0,0,0,1
0.19565217391304346,0,1,0.06367698691350132,0,1,0,0,0,0,0,1,1,0,0,0
0.5869565217391305,1,0,0.2665177146504947,0,0,0,0,1,0,1,0,0,0,1,0
0.08695652173913049,1,0,0.41238429620172357,1,0,0,0,0,0,1,0,1,0,0,0
0.28260869565217395,0,1,0.1849664857963612,1,0,0,0,0,0,1,0,0,1,0,0
0.6521739130434783,1,0,0.27002872646026177,1,0,0,0,0,0,0,1,0,0,1,0
0.7826086956521738,0,1,0.17586977338014675,0,0,1,0,0,0,1,0,0,1,0,0
0.9130434782608696,1,0,0.7966804979253113,1,0,0,0,0,0,0,1,0,0,1,0
0.15217391304347827,0,1,0.5193105649537184,0,0,0,1,0,0,1,0,0,0,1,0
0.673913043478261,0,1,0.44573890839451,1,0,0,0,0,0,1,0,0,1,0,0
0.28260869565217395,1,0,0.37296520906479413,0,1,0,0,0,0,1,0,1,0,0,0
0.9130434782608696,0,1,0.46409192467283744,1,0,0,0,0,0,1,0,0,0,0,1
0.5217391304347826,1,0,0.4481327800829875,1,0,0,0,0,0,0,1,0,0,0,1
0.7391304347826086,0,1,0.476061283115225,1,0,0,0,0,0,1,0,1,0,0,0
0.5217391304347826,1,0,0.6773060963932334,0,1,0,0,0,0,1,0,0,0,1,0
0.5434782608695652,1,0,0.23108841366102773,1,0,0,0,0,0,1,0,0,0,0,1
0.8695652173913044,1,0,0.603415256942228,1,0,0,0,0,0,1,0,1,0,0,0
0.4347826086956522,0,1,0.37152888605170764,1,0,0,0,0,0,1,0,0,0,0,1
0.4782608695652174,0,1,0.44206830513884443,0,0,0,1,0,0,1,0,0,0,1,0
0.5869565217391305,1,0,0.14012128949888292,0,0,1,0,0,0,1,0,0,0,1,0
0.23913043478260876,1,0,0.20922438557293332,0,0,1,0,0,0,1,0,1,0,0,0
0.8695652173913044,0,1,0.5245770826683691,0,0,0,1,0,0,1,0,1,0,0,0
0.19565217391304346,1,0,0.32141717203957865,1,0,0,0,0,0,1,0,1,0,0,0
0.9782608695652173,1,0,0.5649537184806892,0,0,1,0,0,0,1,0,0,0,1,0
0.6086956521739131,0,1,0.41302266198531745,0,1,0,0,0,0,1,0,0,0,0,1
0.9782608695652173,0,1,0.3274816469837216,1,0,0,0,0,0,1,0,0,1,0,0
0.4347826086956522,0,1,0.12735397382700286,0,1,0,0,0,0,1,0,1,0,0,0
0.21739130434782616,0,1,0.3305138844557932,0,0,1,0,0,0,1,0,0,1,0,0
0.15217391304347827,1,0,0.34599425470794765,0,0,1,0,0,0,1,0,0,0,0,1
0.4347826086956522,0,1,0.7853495052665176,0,0,0,1,0,0,1,0,0,1,0,0
0.5217391304347826,0,1,0.2880625598467922,0,1,0,0,0,0,1,0,0,1,0,0
0.13043478260869568,1,0,0.3140759655282477,1,0,0,0,0,0,1,0,0,0,0,1
0.8695652173913044,0,1,0.41621449090328755,1,0,0,0,0,0,1,0,0,0,0,1
0.5652173913043479,1,0,0.4545164379189275,0,1,0,0,0,0,0,1,0,0,0,1
0.6086956521739131,0,1,0.3759974465368655,1,0,0,0,0,0,1,0,0,1,0,0
0.34782608695652173,1,0,0.3523779125438876,0,1,0,0,0,0,1,0,0,0,0,1
0.19565217391304346,0,1,0.46090009575486746,0,0,1,0,0,0,1,0,0,1,0,0
0.02173913043478265,0,1,0.46696457069901054,0,1,0,0,0,0,1,0,0,1,0,0
0.6304347826086956,0,1,0.3788700925630385,1,0,0,0,0,0,0,1,0,0,1,0
0.6304347826086956,0,1,0.9371209703159911,0,0,0,1,0,0,1,0,0,0,1,0
0.23913043478260876,1,0,0.22135333546121927,1,0,0,0,0,0,0,1,1,0,0,0
0.7173913043478262,0,1,0.7053941908713692,1,0,0,0,0,0,0,1,0,0,1,0
0.21739130434782616,0,1,0.5566549632939672,1,0,0,0,0,0,1,0,0,0,0,1
0.6086956521739131,1,0,0.34024896265560167,0,0,0,1,0,0,1,0,0,0,1,0
0.5,0,1,0.4806894350462815,1,0,0,0,0,0,1,0,0,0,1,0
0.5869565217391305,1,0,0.45962336418767946,1,0,0,0,0,0,0,1,0,0,1,0
0.15217391304347827,1,0,0.2880625598467922,0,1,0,0,0,0,1,0,1,0,0,0
0.26086956521739135,0,1,0.7369932971592721,0,0,1,0,0,0,0,1,0,0,1,0
0.4782608695652174,1,0,0.12256623045004789,0,0,0,1,0,0,0,1,0,0,1,0
0.5869565217391305,1,0,0.6549632939674432,0,1,0,0,0,0,0,1,0,1,0,0
0.3913043478260869,0,1,0.4455793169486115,0,0,0,1,0,0,1,0,0,0,1,0
0.0,1,0,0.5033514203638685,1,0,0,0,0,0,0,1,1,0,0,0
0.34782608695652173,0,1,0.6822534312160868,0,1,0,0,0,0,1,0,0,1,0,0
0.8260869565217392,1,0,0.5895308011490583,1,0,0,0,0,0,1,0,0,0,1,0
0.673913043478261,0,1,0.554899457389084,0,1,0,0,0,0,1,0,1,0,0,0
0.4782608695652174,1,0,0.4449409511650174,0,1,0,0,0,0,1,0,0,0,0,1
0.5869565217391305,1,0,0.36833705713373766,0,0,1,0,0,0,1,0,0,0,0,1
0.32608695652173914,0,1,0.861155442068305,0,0,1,0,0,0,1,0,0,1,0,0
0.30434782608695654,0,1,0.43967443345036705,1,0,0,0,0,0,1,0,0,1,0,0
0.06521739130434784,0,1,0.0459623364187679,0,0,0,1,0,0,1,0,0,0,0,1
0.8260869565217392,0,1,0.4093520587296521,1,0,0,0,0,0,1,0,1,0,0,0
0.0,0,1,0.49122247047558254,1,0,0,0,0,0,1,0,0,0,1,0
0.15217391304347827,1,0,0.3153526970954357,0,0,0,1,0,0,1,0,1,0,0,0
1.0,0,1,0.7369932971592721,0,0,1,0,0,0,1,0,0,0,1,0
0.4565217391304348,1,0,0.1879987232684328,0,0,0,1,0,0,1,0,0,1,0,0
0.7826086956521738,0,1,0.27593360995850624,0,0,1,0,0,0,1,0,0,1,0,0
0.02173913043478265,1,0,0.5470794765400575,1,0,0,0,0,0,1,0,0,0,0,1
0.7391304347826086,0,1,0.7156080434088734,0,1,0,0,0,0,1,0,1,0,0,0
0.6086956521739131,0,1,0.4736674114267475,0,0,1,0,0,0,1,0,0,0,0,1
0.0,1,0,0.4490903287583785,0,0,0,1,0,0,1,0,0,0,1,0
1.0,0,1,0.5694222789658472,0,0,0,1,0,0,0,1,0,0,0,1
0.06521739130434784,1,0,0.6667730609639324,1,0,0,0,0,0,1,0,0,0,1,0
0.5652173913043479,0,1,0.37296520906479413,1,0,0,0,0,0,1,0,0,1,0,0
0.9347826086956521,1,0,0.7156080434088734,1,0,0,0,0,0,1,0,0,1,0,0
0.6521739130434783,0,1,0.806575167571018,0,0,0,0,0,1,1,0,0,1,0,0
0.4347826086956522,1,0,0.5981487392275775,0,1,0,0,0,0,1,0,0,0,0,1
0.6304347826086956,1,0,0.5215448451962974,0,0,0,1,0,0,1,0,0,0,0,1
0.4130434782608696,0,1,0.5791573571656559,0,0,0,1,0,0,1,0,0,1,0,0
0.0,1,0,0.17586977338014675,1,0,0,0,0,0,1,0,1,0,0,0
0.673913043478261,1,0,0.4577082668368976,1,0,0,0,0,0,1,0,0,0,0,1
0.30434782608695654,0,1,0.24545164379189266,0,0,0,1,0,0,1,0,0,0,1,0
0.8695652173913044,0,1,0.29492499202042766,1,0,0,0,0,0,1,0,0,0,0,1
0.043478260869565244,1,0,0.748164698372167,0,1,0,0,0,0,0,1,0,0,0,1
0.02173913043478265,0,1,0.14810086179380788,1,0,0,0,0,0,1,0,0,0,0,1
0.30434782608695654,0,1,0.4972869454197255,0,0,0,1,0,0,1,0,1,0,0,0
0.8695652173913044,1,0,0.6421959782955633,1,0,0,0,0,0,1,0,0,0,1,0
0.6956521739130435,1,0,0.4790935205872965,0,0,1,0,0,0,1,0,0,1,0,0
0.9347826086956521,0,1,0.48515799553143946,1,0,0,0,0,0,1,0,0,1,0,0
0.6086956521739131,1,0,0.37152888605170764,1,0,0,0,0,0,1,0,0,0,0,1
0.7826086956521738,0,1,0.5087775295244175,0,0,1,0,0,0,1,0,0,0,1,0
0.8043478260869565,1,0,0.4699968081710819,1,0,0,0,0,0,0,1,1,0,0,0
0.15217391304347827,1,0,0.944142993935525,0,1,0,0,0,0,0,1,0,0,1,0
0.6304347826086956,1,0,0.6457069901053303,1,0,0,0,0,0,0,1,0,0,1,0
0.6304347826086956,1,0,0.7334822853495051,0,1,0,0,0,0,0,1,0,0,1,0
0.17391304347826086,1,0,0.5276093201404406,0,0,0,1,0,0,1,0,1,0,0,0
0.8478260869565217,1,0,0.5639961698052984,0,0,0,1,0,0,1,0,0,1,0,0
0.4565217391304348,1,0,0.44573890839451,0,0,0,1,0,0,0,1,1,0,0,0
0.3913043478260869,0,1,0.4487711458665815,1,0,0,0,0,0,1,0,0,1,0,0
0.08695652173913049,0,1,0.6396425151611873,1,0,0,0,0,0,1,0,0,0,0,1
0.4347826086956522,1,0,0.4245132460900096,0,1,0,0,0,0,1,0,0,1,0,0
0.7826086956521738,0,1,0.22470475582508775,0,0,1,0,0,0,1,0,0,0,0,1
0.5217391304347826,1,0,0.27705075007979574,1,0,0,0,0,0,0,1,0,0,1,0
0.0,0,1,0.7615703798276412,1,0,0,0,0,0,1,0,0,0,1,0
0.15217391304347827,1,0,0.36993297159272265,1,0,0,0,0,0,1,0,0,1,0,0
0.8478260869565217,1,0,0.7974784551548038,1,0,0,0,0,0,1,0,1,0,0,0
0.5217391304347826,1,0,0.3491860836259175,1,0,0,0,0,0,1,0,0,0,0,1
0.30434782608695654,1,0,0.4490903287583785,0,0,0,1,0,0,1,0,0,0,1,0
0.4782608695652174,1,0,0.5791573571656559,0,0,0,1,0,0,1,0,1,0,0,0
0.02173913043478265,1,0,0.15129269071177776,1,0,0,0,0,0,1,0,0,0,0,1
0.02173913043478265,1,0,0.4561123523779125,1,0,0,0,0,0,0,1,0,0,1,0
0.3913043478260869,0,1,0.3759974465368655,1,0,0,0,0,0,1,0,1,0,0,0
0.4347826086956522,1,0,0.3850941589530801,0,0,0,1,0,0,1,0,1,0,0,0
0.21739130434782616,0,1,0.5473986594318543,1,0,0,0,0,0,1,0,0,0,1,0
0.32608695652173914,0,1,0.5406958187041173,0,1,0,0,0,0,1,0,0,0,0,1
0.6086956521739131,0,1,0.5670284072773699,0,0,0,1,0,0,1,0,1,0,0,0
0.5652173913043479,0,1,0.5228215767634856,0,0,0,1,0,0,1,0,0,0,1,0
0.4347826086956522,0,1,0.3790296840089371,0,1,0,0,0,0,1,0,1,0,0,0
0.6086956521739131,1,0,0.3140759655282477,0,0,0,0,1,0,1,0,0,0,0,1
0.0,1,0,0.7398659431854453,1,0,0,0,0,0,1,0,1,0,0,0
0.4565217391304348,0,1,0.23348228534950521,0,0,1,0,0,0,1,0,1,0,0,0
0.10869565217391308,1,0,0.5033514203638685,0,0,1,0,0,0,0,1,1,0,0,0
0.4347826086956522,0,1,0.4701563996169805,0,0,0,1,0,0,1,0,0,0,1,0
0.8260869565217392,1,0,0.7545483562081072,1,0,0,0,0,0,1,0,0,0,0,1
0.9565217391304348,1,0,0.7650813916374082,1,0,0,0,0,0,1,0,0,0,1,0
0.7608695652173914,1,0,0.17363549313756776,0,0,0,1,0,0,1,0,0,0,0,1
0.17391304347826086,0,1,0.43664219597829557,0,0,0,0,0,1,1,0,1,0,0,0
0.15217391304347827,1,0,0.6276731567187999,1,0,0,0,0,0,1,0,0,1,0,0
0.28260869565217395,0,1,0.4245132460900096,0,0,0,1,0,0,1,0,0,0,1,0
0.6521739130434783,0,1,0.657995531439515,1,0,0,0,0,0,1,0,0,1,0,0
0.5869565217391305,0,1,0.46393233322693905,0,0,0,1,0,0,0,1,0,1,0,0
0.8260869565217392,0,1,0.5700606447494414,0,1,0,0,0,0,1,0,0,1,0,0
0.9130434782608696,1,0,0.7641238429620172,1,0,0,0,0,0,0,1,0,0,0,1
0.08695652173913049,1,0,0.6268751994893074,1,0,0,0,0,0,0,1,0,0,0,1
0.8043478260869565,0,1,0.34599425470794765,0,0,0,1,0,0,1,0,0,0,0,1
0.02173913043478265,1,0,0.6204915416533672,1,0,0,0,0,0,1,0,0,0,0,1
0.02173913043478265,1,0,0.2122566230450047,1,0,0,0,0,0,1,0,0,1,0,0
0.02173913043478265,1,0,0.5789977657197574,1,0,0,0,0,0,1,0,0,0,0,1
0.6956521739130435,1,0,0.3396105968720077,1,0,0,0,0,0,1,0,0,0,0,1
0.15217391304347827,1,0,0.5544206830513883,0,1,0,0,0,0,0,1,0,0,1,0
0.4565217391304348,0,1,0.5860197893392913,0,0,0,0,1,0,1,0,0,0,1,0
0.23913043478260876,0,1,0.6246409192467284,1,0,0,0,0,0,1,0,0,0,1,0
0.6521739130434783,0,1,0.36386849664857956,0,0,0,1,0,0,1,0,1,0,0,0
0.8478260869565217,1,0,0.24704755825087765,1,0,0,0,0,0,1,0,0,0,0,1
0.10869565217391308,0,1,0.2638046600702203,0,1,0,0,0,0,1,0,1,0,0,0
0.23913043478260876,0,1,0.48515799553143946,1,0,0,0,0,0,1,0,1,0,0,0
0.32608695652173914,1,0,0.21528886051707619,1,0,0,0,0,0,1,0,0,1,0,0
0.8043478260869565,0,1,0.43855729332907745,0,1,0,0,0,0,1,0,0,0,0,1
0.6956521739130435,0,1,0.451803383338653,0,0,0,1,0,0,1,0,0,1,0,0
0.32608695652173914,1,0,0.36690073412065105,0,1,0,0,0,0,1,0,0,1,0,0
0.10869565217391308,1,0,1.0000000000000002,0,0,0,1,0,0,1,0,0,0,1,0
0.06521739130434784,0,1,0.5336737950845833,0,1,0,0,0,0,1,0,0,1,0,0
1.0,1,0,0.7095435684647302,1,0,0,0,0,0,1,0,1,0,0,0
0.043478260869565244,1,0,0.4699968081710819,1,0,0,0,0,0,0,1,1,0,0,0
0.4565217391304348,0,1,0.2850303223747207,0,0,1,0,0,0,0,1,1,0,0,0
0.17391304347826086,1,0,0.4210022342802425,0,0,0,1,0,0,1,0,0,0,1,0
0.043478260869565244,1,0,0.43967443345036705,1,0,0,0,0,0,1,0,0,1,0,0
0.30434782608695654,0,1,0.41398021066070856,1,0,0,0,0,0,1,0,0,0,1,0
0.19565217391304346,0,1,0.4928183849345673,1,0,0,0,0,0,0,1,0,0,0,1
0.17391304347826086,1,0,0.4305777210341525,1,0,0,0,0,0,1,0,1,0,0,0
0.0,1,0,0.863389722310884,1,0,0,0,0,0,1,0,0,0,1,0
0.4565217391304348,0,1,0.07468879668049799,0,0,0,0,1,0,0,1,0,0,0,1
0.30434782608695654,1,0,0.6822534312160868,0,0,0,1,0,0,1,0,1,0,0,0
0.21739130434782616,0,1,0.3367379508458347,0,1,0,0,0,0,1,0,0,0,1,0
0.08695652173913049,1,0,0.39419087136929454,0,0,0,1,0,0,1,0,0,1,0,0
0.28260869565217395,0,1,0.3121608681774656,1,0,0,0,0,0,1,0,0,0,1,0
0.5,0,1,0.4992020427705075,1,0,0,0,0,0,1,0,0,0,0,1
0.6521739130434783,1,0,0.4545164379189275,0,1,0,0,0,0,1,0,0,0,0,1
0.5869565217391305,0,1,0.7671560804340887,0,0,1,0,0,0,1,0,1,0,0,0
0.13043478260869568,1,0,0.4257899776571976,1,0,0,0,0,0,1,0,0,0,0,1
0.8695652173913044,0,1,0.6549632939674432,1,0,0,0,0,0,1,0,0,1,0,0
0.9130434782608696,1,0,0.2668368975422917,0,0,0,1,0,0,1,0,0,1,0,0
0.15217391304347827,1,0,0.46696457069901054,1,0,0,0,0,0,1,0,1,0,0,0
0.23913043478260876,1,0,0.5033514203638685,0,1,0,0,0,0,1,0,0,1,0,0
0.08695652173913049,1,0,1.0000000000000002,0,0,0,1,0,0,0,1,0,0,1,0
0.4130434782608696,1,0,0.5789977657197574,0,0,0,0,0,1,0,1,0,0,0,1
0.08695652173913049,0,1,0.46090009575486746,1,0,0,0,0,0,0,1,0,1,0,0
0.5652173913043479,0,1,0.6549632939674432,1,0,0,0,0,0,1,0,1,0,0,0
0.8695652173913044,0,1,0.8282796042132139,1,0,0,0,0,0,1,0,0,0,1,0
0.28260869565217395,0,1,0.41940631982125764,1,0,0,0,0,0,1,0,0,0,0,1
0.7608695652173914,0,1,0.7545483562081072,0,0,0,1,0,0,1,0,0,0,1,0
0.9565217391304348,0,1,0.4455793169486115,1,0,0,0,0,0,1,0,0,0,1,0
0.9565217391304348,1,0,0.17363549313756776,1,0,0,0,0,0,1,0,0,0,0,1
0.9347826086956521,0,1,0.7385892116182573,0,1,0,0,0,0,1,0,0,0,0,1
0.7608695652173914,1,0,0.46393233322693905,1,0,0,0,0,0,1,0,1,0,0,0
0.4782608695652174,1,0,0.3305138844557932,0,0,0,1,0,0,1,0,0,1,0,0
0.4347826086956522,0,1,0.4548356208107245,0,0,1,0,0,0,1,0,0,1,0,0
0.4782608695652174,1,0,0.476061283115225,0,0,0,0,0,1,1,0,0,1,0,0
0.10869565217391308,1,0,0.5885732524736673,1,0,0,0,0,0,1,0,0,0,0,1
0.7608695652173914,1,0,0.6428343440791573,0,0,0,1,0,0,1,0,0,0,0,1
0.26086956521739135,0,1,0.22135333546121927,0,0,0,1,0,0,1,0,1,0,0,0
0.6521739130434783,0,1,0.41238429620172357,0,0,0,1,0,0,1,0,0,1,0,0
0.26086956521739135,0,1,0.8669007341206509,0,1,0,0,0,0,1,0,0,0,1,0
0.6086956521739131,1,0,0.7489626556016595,0,0,0,1,0,0,1,0,1,0,0,0
0.0,1,0,0.3262049154165336,0,1,0,0,0,0,1,0,0,0,1,0
0.0,0,1,0.3613150335142037,0,0,1,0,0,0,0,1,0,0,1,0
0.9130434782608696,1,0,0.2668368975422917,1,0,0,0,0,0,1,0,0,1,0,0
0.6304347826086956,0,1,0.32444940951165013,0,0,0,1,0,0,0,1,1,0,0,0
0.8695652173913044,1,0,0.5882540695818703,1,0,0,0,0,0,1,0,0,1,0,0
0.17391304347826086,1,0,0.5730928822215129,0,0,0,1,0,0,1,0,0,1,0,0
0.7173913043478262,0,1,0.3140759655282477,0,0,0,1,0,0,1,0,0,0,0,1
0.3695652173913043,1,0,0.060644749441429946,0,0,0,1,0,0,1,0,0,1,0,0
0.6956521739130435,0,1,0.3274816469837216,0,1,0,0,0,0,1,0,0,1,0,0
0.02173913043478265,1,0,0.12256623045004789,1,0,0,0,0,0,1,0,0,0,0,1
0.0,0,1,0.8388126396425151,1,0,0,0,0,0,0,1,0,0,1,0
0.6956521739130435,1,0,0.36690073412065105,0,0,0,1,0,0,1,0,1,0,0,0
0.7391304347826086,1,0,0.4545164379189275,0,0,0,1,0,0,1,0,0,0,0,1
0.02173913043478265,0,1,0.18321097989147772,1,0,0,0,0,0,0,1,0,0,0,1
0.21739130434782616,1,0,0.5438876476220873,0,0,1,0,0,0,1,0,0,0,1,0
0.6086956521739131,0,1,0.5579316948611552,0,0,0,1,0,0,1,0,0,0,1,0
0.02173913043478265,0,1,0.2789658474305776,1,0,0,0,0,0,1,0,0,0,0,1
0.9347826086956521,1,0,0.24561123523779127,1,0,0,0,0,0,1,0,1,0,0,0
0.28260869565217395,1,0,0.48212575805936797,0,0,1,0,0,0,1,0,0,1,0,0
0.5,0,1,0.6747526332588574,0,1,0,0,0,0,1,0,0,0,0,1
0.9347826086956521,0,1,0.5544206830513883,0,0,0,0,0,1,1,0,0,0,1,0
0.8043478260869565,0,1,0.5367060325566548,0,1,0,0,0,0,1,0,0,1,0,0
0.02173913043478265,0,1,0.2374720714969677,0,1,0,0,0,0,1,0,0,0,0,1
0.19565217391304346,0,1,0.6013405681455473,0,0,0,1,0,0,1,0,0,0,0,1
0.6086956521739131,1,0,0.7792850303223746,0,1,0,0,0,0,1,0,0,1,0,0
0.19565217391304346,0,1,0.29412703479093516,1,0,0,0,0,0,1,0,1,0,0,0
0.06521739130434784,0,1,0.19709543568464738,1,0,0,0,0,0,1,0,1,0,0,0
0.673913043478261,0,1,0.23045004787743373,0,1,0,0,0,0,1,0,0,1,0,0
0.8260869565217392,1,0,0.5639961698052984,1,0,0,0,0,0,0,1,0,1,0,0
0.8913043478260869,0,1,0.3753590807532715,0,0,1,0,0,0,1,0,0,0,1,0
0.9130434782608696,1,0,0.3121608681774656,1,0,0,0,0,0,1,0,0,0,1,0
0.21739130434782616,0,1,0.6003830194701565,1,0,0,0,0,0,1,0,0,1,0,0
0.02173913043478265,0,1,0.3970635173954675,0,0,0,1,0,0,1,0,0,0,0,1
0.19565217391304346,0,1,0.13038621129907446,0,0,1,0,0,0,0,1,0,1,0,0
0.8695652173913044,1,0,0.6701244813278007,0,1,0,0,0,0,0,1,0,1,0,0
0.4782608695652174,1,0,0.427545483562081,0,0,0,1,0,0,1,0,0,1,0,0
0.34782608695652173,0,1,0.34375997446536866,0,0,0,1,0,0,1,0,0,0,1,0
0.5652173913043479,1,0,0.6747526332588574,0,1,0,0,0,0,1,0,0,0,0,1
0.4565217391304348,0,1,0.2638046600702203,0,0,0,0,1,0,1,0,0,1,0,0
0.043478260869565244,1,0,0.48420044685604846,0,1,0,0,0,0,1,0,0,0,1,0
0.7608695652173914,0,1,0.3874880306415577,0,0,1,0,0,0,1,0,0,0,0,1
0.8043478260869565,1,0,0.5333546121927866,0,0,0,1,0,0,1,0,0,0,1,0
0.34782608695652173,1,0,0.5375039897861473,0,0,0,1,0,0,1,0,0,0,0,1
0.8043478260869565,1,0,0.6811362910947971,1,0,0,0,0,0,1,0,0,0,0,1
0.17391304347826086,1,0,0.6211299074369614,1,0,0,0,0,0,1,0,0,0,1,0
0.4347826086956522,0,1,0.6948611554420681,1,0,0,0,0,0,1,0,0,0,1,0
0.7608695652173914,0,1,0.5215448451962974,0,1,0,0,0,0,1,0,1,0,0,0
0.8478260869565217,1,0,0.41541653367379505,1,0,0,0,0,0,0,1,1,0,0,0
0.3695652173913043,0,1,0.32444940951165013,1,0,0,0,0,0,1,0,1,0,0,0
0.4130434782608696,1,0,0.6457069901053303,1,0,0,0,0,0,1,0,0,0,1,0
0.26086956521739135,0,1,0.3964251516118735,0,0,0,1,0,0,0,1,0,0,1,0
0.7391304347826086,0,1,0.29811682093839775,0,1,0,0,0,0,0,1,0,0,1,0
0.6956521739130435,1,0,0.5215448451962974,0,1,0,0,0,0,1,0,0,0,0,1
0.23913043478260876,0,1,0.32141717203957865,1,0,0,0,0,0,1,0,0,1,0,0
0.5434782608695652,1,0,0.36386849664857956,0,0,1,0,0,0,1,0,1,0,0,0
0.8913043478260869,1,0,0.44270667092243843,0,0,1,0,0,0,0,1,1,0,0,0
0.10869565217391308,1,0,0.3367379508458347,1,0,0,0,0,0,1,0,0,0,1,0
0.0,1,0,0.5895308011490583,1,0,0,0,0,0,1,0,0,0,1,0
0.4782608695652174,0,1,0.38812639642515157,0,0,0,1,0,0,0,1,1,0,0,0
0.0,0,1,0.15416533673795085,1,0,0,0,0,0,1,0,0,0,1,0
0.28260869565217395,1,0,0.476061283115225,1,0,0,0,0,0,1,0,1,0,0,0
0.13043478260869568,0,1,0.4513246090009576,0,0,1,0,0,0,1,0,0,0,0,1
0.8043478260869565,0,1,0.6747526332588574,1,0,0,0,0,0,1,0,0,0,0,1
0.08695652173913049,1,0,0.12735397382700286,0,0,1,0,0,0,1,0,1,0,0,0
0.7826086956521738,1,0,0.5639961698052984,0,0,0,1,0,0,1,0,0,1,0,0
0.9782608695652173,0,1,0.6667730609639324,1,0,0,0,0,0,1,0,0,0,1,0
0.9565217391304348,1,0,0.34264283434407916,1,0,0,0,0,0,0,1,1,0,0,0
0.6086956521739131,1,0,0.20236195339929786,1,0,0,0,0,0,1,0,0,0,0,1
0.6956521739130435,0,1,0.9187679540376634,1,0,0,0,0,0,1,0,1,0,0,0
0.6304347826086956,1,0,0.10309607405043097,0,0,0,1,0,0,1,0,1,0,0,0
0.673913043478261,1,0,0.3153526970954357,0,1,0,0,0,0,0,1,0,1,0,0
0.5217391304347826,0,1,0.3262049154165336,0,0,0,1,0,0,1,0,0,0,1,0
0.02173913043478265,0,1,0.657995531439515,1,0,0,0,0,0,1,0,0,1,0,0
0.15217391304347827,0,1,0.4577082668368976,1,0,0,0,0,0,1,0,0,0,0,1
0.4782608695652174,0,1,0.36514522821576756,0,0,0,1,0,0,1,0,0,0,0,1
0.5652173913043479,0,1,0.3335461219278646,1,0,0,0,0,0,1,0,0,1,0,0
0.08695652173913049,1,0,0.29412703479093516,1,0,0,0,0,0,1,0,0,1,0,0
0.7173913043478262,1,0,0.6386849664857963,0,0,0,1,0,0,1,0,0,0,1,0
0.28260869565217395,1,0,0.34870730928822213,0,0,0,1,0,0,1,0,1,0,0,0
0.7391304347826086,1,0,1.0000000000000002,0,0,0,1,0,0,1,0,0,0,1,0
0.043478260869565244,1,0,0.451803383338653,0,0,0,0,1,0,1,0,1,0,0,0
0.043478260869565244,0,1,0.5052665177146505,0,1,0,0,0,0,1,0,0,0,1,0
0.08695652173913049,0,1,0.3555697414618577,1,0,0,0,0,0,1,0,0,0,0,1
0.9782608695652173,1,0,0.8096074050430897,0,0,1,0,0,0,1,0,0,1,0,0
0.6304347826086956,1,0,0.39115863389722305,0,0,0,0,0,1,1,0,1,0,0,0
0.02173913043478265,1,0,0.15767634854771773,0,0,0,1,0,0,1,0,0,0,0,1
0.26086956521739135,0,1,0.5544206830513883,0,0,0,1,0,0,1,0,0,0,1,0
0.4130434782608696,1,0,0.5821895946377276,0,0,0,1,0,0,0,1,1,0,0,0
0.6956521739130435,0,1,0.5662304500478774,0,0,0,0,0,1,1,0,0,0,0,1
0.5434782608695652,0,1,0.6307053941908713,0,1,0,0,0,0,1,0,1,0,0,0
0.8043478260869565,1,0,0.7124162144909032,1,0,0,0,0,0,1,0,0,0,1,0
0.043478260869565244,0,1,0.4947334822853495,1,0,0,0,0,0,1,0,0,0,1,0
0.17391304347826086,1,0,0.4481327800829875,0,0,0,1,0,0,1,0,0,0,0,1
0.26086956521739135,1,0,0.22438557293329076,0,1,0,0,0,0,0,1,0,1,0,0
0.7608695652173914,1,0,0.4315352697095436,1,0,0,0,0,0,1,0,0,0,1,0
0.4565217391304348,1,0,0.5789977657197574,0,1,0,0,0,0,1,0,0,0,1,0
0.02173913043478265,0,1,0.4487711458665815,1,0,0,0,0,0,0,1,0,1,0,0
0.5217391304347826,1,0,0.48819023300351094,1,0,0,0,0,0,1,0,0,1,0,0
0.7391304347826086,0,1,0.5534631343759973,0,1,0,0,0,0,1,0,0,0,0,1
0.8260869565217392,0,1,0.6878391318225341,0,1,0,0,0,0,1,0,0,0,1,0
0.15217391304347827,0,1,0.5754867539099904,0,0,0,1,0,0,1,0,0,0,1,0
0.17391304347826086,0,1,0.2122566230450047,1,0,0,0,0,0,1,0,0,1,0,0
0.4782608695652174,0,1,0.19980849026492176,0,1,0,0,0,0,0,1,0,0,1,0
0.6521739130434783,0,1,0.21832109798914778,1,0,0,0,0,0,1,0,0,0,0,1
0.7173913043478262,0,1,0.6731567187998722,0,0,1,0,0,0,0,1,1,0,0,0
0.23913043478260876,1,0,0.554899457389084,0,1,0,0,0,0,1,0,0,1,0,0
0.4130434782608696,1,0,0.44174912224704754,1,0,0,0,0,0,1,0,0,0,0,1
0.5869565217391305,0,1,0.3108841366102776,0,0,1,0,0,0,1,0,0,0,0,1
0.23913043478260876,1,0,0.41541653367379505,0,0,0,1,0,0,1,0,1,0,0,0
0.6956521739130435,0,1,0.9616980529843602,0,0,0,1,0,0,1,0,0,0,1,0
0.34782608695652173,1,0,0.6337376316629428,1,0,0,0,0,0,1,0,0,1,0,0
0.28260869565217395,1,0,0.4002553463134375,0,0,0,0,1,0,1,0,1,0,0,0
1.0,0,1,0.48962655601659755,0,1,0,0,0,0,0,1,0,0,0,1
0.9130434782608696,1,0,0.49122247047558254,0,0,1,0,0,0,0,1,0,1,0,0
0.9782608695652173,1,0,0.39419087136929454,1,0,0,0,0,0,1,0,0,1,0,0
0.34782608695652173,1,0,0.3790296840089371,0,0,0,1,0,0,0,1,0,1,0,0
0.4782608695652174,0,1,0.43536546441110757,1,0,0,0,0,0,1,0,0,0,0,1
0.5869565217391305,0,1,0.5470794765400575,1,0,0,0,0,0,1,0,0,0,0,1
0.06521739130434784,0,1,0.5949569103096075,1,0,0,0,0,0,1,0,0,0,0,1
0.6956521739130435,0,1,0.3547717842323651,0,0,0,1,0,0,1,0,1,0,0,0
0.8478260869565217,0,1,0.44206830513884443,1,0,0,0,0,0,0,1,0,0,1,0
0.06521739130434784,1,0,0.6246409192467284,1,0,0,0,0,0,1,0,0,0,1,0
0.4130434782608696,0,1,0.6013405681455473,0,1,0,0,0,0,0,1,0,0,0,1
0.02173913043478265,1,0,0.13852537503989792,1,0,0,0,0,0,1,0,0,0,0,1
0.08695652173913049,1,0,0.6913501436323011,0,0,0,1,0,0,0,1,0,0,1,0
0.8478260869565217,0,1,0.46393233322693905,1,0,0,0,0,0,1,0,0,1,0,0
0.4565217391304348,0,1,0.5094158953080115,0,1,0,0,0,0,1,0,0,1,0,0
0.5869565217391305,1,0,0.22135333546121927,1,0,0,0,0,0,0,1,1,0,0,0
0.08695652173913049,1,0,0.5033514203638685,1,0,0,0,0,0,1,0,1,0,0,0
0.0,1,0,0.6808171082030003,1,0,0,0,0,0,1,0,0,0,1,0
0.9782608695652173,1,0,0.494254707947654,1,0,0,0,0,0,1,0,1,0,0,0
0.28260869565217395,1,0,0.1417172039578678,1,0,0,0,0,0,1,0,0,0,0,1
0.30434782608695654,1,0,0.6141078838174274,0,1,0,0,0,0,1,0,0,0,0,1
0.4565217391304348,0,1,0.5279285030322374,0,0,0,1,0,0,1,0,0,0,0,1
0.32608695652173914,1,0,0.2819980849026492,1,0,0,0,0,0,0,1,1,0,0,0
0.34782608695652173,0,1,0.36833705713373766,0,0,0,1,0,0,1,0,0,0,0,1
0.6304347826086956,0,1,0.4280242578997766,0,0,0,1,0,0,1,0,0,0,1,0
0.673913043478261,1,0,0.4066390041493775,0,0,0,1,0,0,1,0,0,0,0,1
0.34782608695652173,1,0,0.859878710501117,0,0,0,1,0,0,1,0,0,0,0,1
1.0,1,0,0.2789658474305776,0,0,0,1,0,0,1,0,0,1,0,0
0.7826086956521738,1,0,0.7853495052665176,0,0,1,0,0,0,0,1,1,0,0,0
0.21739130434782616,1,0,0.5017555059048835,1,0,0,0,0,0,0,1,0,0,1,0
0.02173913043478265,1,0,0.41844877114586654,1,0,0,0,0,0,0,1,0,1,0,0
0.02173913043478265,1,0,0.6013405681455473,1,0,0,0,0,0,0,1,0,0,0,1
0.23913043478260876,0,1,0.7299712735397381,0,0,1,0,0,0,1,0,0,0,1,0
0.13043478260869568,1,0,0.44270667092243843,1,0,0,0,0,0,0,1,1,0,0,0
0.17391304347826086,1,0,0.5406958187041173,0,1,0,0,0,0,0,1,0,0,0,1
0.673913043478261,0,1,0.3578040217044367,1,0,0,0,0,0,1,0,0,0,1,0
0.13043478260869568,1,0,0.5343121608681776,1,0,0,0,0,0,0,1,0,0,0,1
0.0,1,0,0.04245132460900092,0,1,0,0,0,0,0,1,1,0,0,0
0.5652173913043479,1,0,0.5860197893392913,0,0,0,1,0,0,1,0,0,0,1,0
0.9130434782608696,0,1,0.3153526970954357,1,0,0,0,0,0,1,0,0,1,0,0
0.3695652173913043,1,0,0.7226300670284074,0,0,0,1,0,0,1,0,0,0,0,1
0.8043478260869565,0,1,0.30019150973507813,0,0,1,0,0,0,1,0,1,0,0,0
0.5,1,0,0.7756144270667091,1,0,0,0,0,0,1,0,0,0,1,0
0.13043478260869568,0,1,0.4548356208107245,0,0,1,0,0,0,1,0,0,1,0,0
0.7608695652173914,0,1,0.34280242578997755,0,1,0,0,0,0,1,0,0,0,0,1
0.6304347826086956,0,1,0.5119693584423874,0,0,0,1,0,0,1,0,0,0,0,1
0.34782608695652173,1,0,0.5825087775295243,1,0,0,0,0,0,1,0,0,0,1,0
0.673913043478261,0,1,0.6597510373443984,0,0,1,0,0,0,1,0,0,0,1,0
0.5869565217391305,0,1,0.3788700925630385,0,1,0,0,0,0,1,0,0,0,1,0
0.26086956521739135,1,0,0.4063198212575806,0,0,1,0,0,0,0,1,0,1,0,0
0.5434782608695652,1,0,0.32141717203957865,1,0,0,0,0,0,1,0,1,0,0,0
0.8695652173913044,0,1,0.39115863389722305,1,0,0,0,0,0,1,0,0,1,0,0
0.7608695652173914,1,0,0.49122247047558254,1,0,0,0,0,0,1,0,0,0,1,0
0.7826086956521738,1,0,0.4225981487392275,0,0,0,1,0,0,1,0,0,0,0,1
0.02173913043478265,1,0,0.6045323970635172,1,0,0,0,0,0,0,1,0,0,0,1
0.4565217391304348,0,1,0.21832109798914778,0,0,1,0,0,0,1,0,1,0,0,0
0.7391304347826086,0,1,0.2840727736993297,1,0,0,0,0,0,1,0,0,0,1,0
0.17391304347826086,1,0,0.3542930098946696,1,0,0,0,0,0,0,1,0,0,1,0
0.9565217391304348,1,0,0.6843281200127671,1,0,0,0,0,0,1,0,0,0,0,1
0.10869565217391308,0,1,0.5566549632939672,1,0,0,0,0,0,1,0,0,0,0,1
0.4130434782608696,0,1,0.3759974465368655,0,0,1,0,0,0,1,0,0,1,0,0
1.0,0,1,0.34870730928822213,1,0,0,0,0,0,0,1,0,1,0,0
0.9565217391304348,1,0,0.5124481327800829,1,0,0,0,0,0,0,1,1,0,0,0
0.0,1,0,0.22741781040536224,1,0,0,0,0,0,1,0,1,0,0,0
0.6304347826086956,1,0,0.44270667092243843,0,0,1,0,0,0,1,0,0,1,0,0
0.7391304347826086,1,0,0.6619853175869774,1,0,0,0,0,0,1,0,0,0,0,1
0.5434782608695652,1,0,0.4513246090009576,0,0,0,1,0,0,1,0,0,0,0,1
0.26086956521739135,0,1,0.1910309607405043,0,0,0,1,0,0,1,0,1,0,0,0
0.0,1,0,0.23140759655282472,1,0,0,0,0,0,1,0,0,0,1,0
0.7173913043478262,1,0,0.26986913501436316,0,0,0,0,0,1,1,0,0,1,0,0
0.19565217391304346,0,1,0.17586977338014675,1,0,0,0,0,0,1,0,0,1,0,0
0.5217391304347826,0,1,0.548834982444941,0,0,0,1,0,0,1,0,1,0,0,0
0.673913043478261,1,0,0.4768592403447174,1,0,0,0,0,0,0,1,0,0,0,1
0.8913043478260869,1,0,0.6747526332588574,0,0,0,1,0,0,1,0,0,0,0,1
0.34782608695652173,1,0,0.29811682093839775,0,1,0,0,0,0,0,1,0,0,1,0
0.0,0,1,0.5719757421002234,1,0,0,0,0,0,1,0,0,0,1,0
0.7608695652173914,0,1,0.6670922438557292,0,0,1,0,0,0,0,1,0,1,0,0
0.7826086956521738,1,0,0.16118736035748482,0,1,0,0,0,0,1,0,0,0,1,0
0.5869565217391305,0,1,0.6172997127353972,1,0,0,0,0,0,1,0,0,0,0,1
0.3695652173913043,1,0,0.37184806894350453,0,0,0,1,0,0,1,0,0,0,1,0
0.28260869565217395,0,1,0.5336737950845833,0,0,0,1,0,0,1,0,0,1,0,0
0.9565217391304348,0,1,0.5033514203638685,1,0,0,0,0,0,1,0,1,0,0,0
0.7173913043478262,1,0,0.2819980849026492,0,1,0,0,0,0,0,1,0,1,0,0
0.21739130434782616,1,0,0.7053941908713692,1,0,0,0,0,0,1,0,0,0,1,0
0.9130434782608696,0,1,0.5263325885732526,1,0,0,0,0,0,0,1,0,0,1,0
0.5,0,1,0.500319182891797,0,0,0,1,0,0,1,0,1,0,0,0
0.26086956521739135,1,0,0.7299712735397381,0,0,0,1,0,0,1,0,0,0,1,0
0.13043478260869568,1,0,0.4002553463134375,0,1,0,0,0,0,1,0,0,1,0,0
0.5,0,1,0.542770507500798,1,0,0,0,0,0,1,0,0,1,0,0
0.7608695652173914,0,1,0.6852856686881583,0,0,0,1,0,0,1,0,0,1,0,0
0.7608695652173914,1,0,0.41238429620172357,1,0,0,0,0,0,1,0,0,1,0,0
0.3913043478260869,1,0,0.43855729332907745,1,0,0,0,0,0,1,0,0,0,1,0
0.08695652173913049,1,0,0.6737950845834664,0,1,0,0,0,0,0,1,0,0,1,0
0.673913043478261,0,1,0.3555697414618577,0,0,0,1,0,0,1,0,0,0,0,1
0.17391304347826086,1,0,0.054580274497286974,1,0,0,0,0,0,1,0,0,1,0,0
0.02173913043478265,1,0,0.3062559846792211,1,0,0,0,0,0,1,0,0,1,0,0
0.34782608695652173,0,1,0.24257899776571967,1,0,0,0,0,0,1,0,1,0,0,0
0.4347826086956522,1,0,0.1646983721672518,0,0,1,0,0,0,1,0,0,0,1,0
0.6956521739130435,0,1,0.38940312799233956,0,0,1,0,0,0,1,0,0,0,1,0
0.06521739130434784,1,0,0.24864347270986276,0,1,0,0,0,0,1,0,0,1,0,0
0.4130434782608696,1,0,0.2668368975422917,0,1,0,0,0,0,1,0,0,1,0,0
0.4347826086956522,0,1,0.41398021066070856,0,0,0,1,0,0,1,0,0,0,1,0
0.7826086956521738,1,0,0.4992020427705075,1,0,0,0,0,0,1,0,0,0,0,1
0.6086956521739131,1,0,0.554899457389084,0,0,0,1,0,0,1,0,1,0,0,0
0.8695652173913044,0,1,0.7369932971592721,1,0,0,0,0,0,1,0,0,0,1,0
0.02173913043478265,0,1,0.3811043728056175,1,0,0,0,0,0,0,1,0,0,0,1
0.6521739130434783,0,1,0.5215448451962974,0,1,0,0,0,0,1,0,1,0,0,0
0.8043478260869565,0,1,0.46409192467283744,1,0,0,0,0,0,1,0,0,0,0,1
0.9347826086956521,1,0,0.39419087136929454,0,0,0,1,0,0,0,1,0,1,0,0
0.043478260869565244,0,1,0.5094158953080115,1,0,0,0,0,0,1,0,0,1,0,0
0.7391304347826086,1,0,0.6640600063836577,0,1,0,0,0,0,1,0,0,1,0,0
0.15217391304347827,0,1,0.15448451962974785,0,0,0,1,0,0,1,0,0,0,0,1
0.8913043478260869,0,1,0.36833705713373766,1,0,0,0,0,0,1,0,0,0,0,1
0.30434782608695654,0,1,0.8024257899776572,1,0,0,0,0,0,1,0,0,0,0,1
0.0,1,0,0.0,1,0,0,0,0,0,1,0,1,0,0,0
0.4565217391304348,1,0,0.43536546441110757,0,0,0,0,0,1,1,0,0,0,0,1
0.17391304347826086,0,1,0.4093520587296521,1,0,0,0,0,0,1,0,1,0,0,0
0.8260869565217392,0,1,0.6332588573252471,0,0,0,1,0,0,1,0,0,0,0,1
0.8478260869565217,1,0,0.8353016278327481,0,0,0,1,0,0,0,1,0,0,1,0
0.13043478260869568,0,1,0.2119374401532078,1,0,0,0,0,0,1,0,0,0,0,1
0.06521739130434784,0,1,0.7510373443983402,1,0,0,0,0,0,1,0,0,0,1,0
0.8695652173913044,1,0,0.29412703479093516,1,0,0,0,0,0,1,0,1,0,0,0
0.0,0,1,0.7124162144909032,1,0,0,0,0,0,1,0,0,0,1,0
0.21739130434782616,1,0,0.20922438557293332,0,1,0,0,0,0,1,0,1,0,0,0
0.02173913043478265,0,1,0.6125119693584422,1,0,0,0,0,0,1,0,0,1,0,0
0.9782608695652173,0,1,0.5183530162783276,0,1,0,0,0,0,0,1,0,0,0,1
0.21739130434782616,1,0,0.2559846792211937,0,0,1,0,0,0,0,1,0,0,1,0
0.9347826086956521,0,1,0.19406319821257578,1,0,0,0,0,0,1,0,1,0,0,0
0.3913043478260869,1,0,0.36993297159272265,0,0,1,0,0,0,1,0,1,0,0,0
0.6521739130434783,0,1,0.5473986594318543,1,0,0,0,0,0,0,1,0,0,1,0
0.19565217391304346,0,1,0.23140759655282472,0,0,0,1,0,0,1,0,0,0,1,0
0.15217391304347827,0,1,0.4545164379189275,1,0,0,0,0,0,0,1,0,0,0,1
0.13043478260869568,0,1,0.7510373443983402,1,0,0,0,0,0,1,0,0,0,1,0
0.9565217391304348,0,1,0.7417810405362273,1,0,0,0,0,0,1,0,0,0,0,1
0.13043478260869568,0,1,0.14554739865943178,1,0,0,0,0,0,0,1,1,0,0,0
0.06521739130434784,0,1,0.1892754548356208,0,1,0,0,0,0,1,0,0,0,1,0
0.043478260869565244,1,0,0.3820619214810086,1,0,0,0,0,0,1,0,1,0,0,0
0.32608695652173914,1,0,0.4289818065751675,0,0,0,0,0,1,1,0,0,0,0,1
0.6956521739130435,1,0,0.5215448451962974,0,0,0,1,0,0,0,1,1,0,0,0
0.9347826086956521,1,0,0.6351739546760293,1,0,0,0,0,0,0,1,0,0,1,0
0.4130434782608696,1,0,0.43664219597829557,1,0,0,0,0,0,1,0,0,1,0,0
0.10869565217391308,1,0,0.045483562081072515,0,0,0,1,0,0,1,0,0,1,0,0
0.043478260869565244,1,0,0.6176188956271944,0,0,0,1,0,0,1,0,0,0,1,0
0.8260869565217392,0,1,0.3396105968720077,0,0,0,1,0,0,1,0,0,1,0,0
0.5434782608695652,1,0,0.13309926587934884,0,1,0,0,0,0,0,1,0,0,1,0
0.5652173913043479,1,0,0.30019150973507813,0,0,0,1,0,0,1,0,0,1,0,0
0.19565217391304346,1,0,0.0939993616342164,0,0,1,0,0,0,1,0,1,0,0,0
0.4347826086956522,1,0,0.12735397382700286,0,0,0,1,0,0,1,0,0,1,0,0
0.5869565217391305,0,1,0.6492180019150973,0,1,0,0,0,0,1,0,0,0,1,0
0.3695652173913043,0,1,0.6013405681455473,0,0,0,1,0,0,1,0,0,0,0,1
0.3695652173913043,0,1,0.4800510692626875,0,0,0,1,0,0,1,0,0,0,0,1
0.8260869565217392,1,0,0.19597829556335788,1,0,0,0,0,0,1,0,0,0,0,1
0.6956521739130435,1,0,0.6460261729971275,1,0,0,0,0,0,1,0,0,0,0,1
0.9347826086956521,0,1,0.2910947973188637,1,0,0,0,0,0,1,0,0,0,1,0
0.8695652173913044,1,0,0.5122885413341844,0,0,0,1,0,0,1,0,0,0,1,0
0.6086956521739131,1,0,0.7089052026811362,0,1,0,0,0,0,1,0,0,0,1,0
0.9347826086956521,0,1,0.6367698691350141,1,0,0,0,0,0,1,0,1,0,0,0
0.043478260869565244,0,1,0.27002872646026177,1,0,0,0,0,0,0,1,0,0,1,0
0.6521739130434783,0,1,0.6367698691350141,0,0,0,1,0,0,1,0,1,0,0,0
0.4565217391304348,1,0,0.27290137248643476,0,1,0,0,0,0,1,0,0,1,0,0
0.6521739130434783,0,1,0.3608362591765081,0,0,0,1,0,0,1,0,1,0,0,0
0.5869565217391305,0,1,0.4768592403447174,0,1,0,0,0,0,1,0,0,0,0,1
0.7826086956521738,1,0,0.7545483562081072,0,0,0,1,0,0,1,0,0,0,0,1
0.7608695652173914,0,1,0.6364506862432173,0,1,0,0,0,0,1,0,0,0,0,1
0.6086956521739131,1,0,0.2819980849026492,0,0,1,0,0,0,1,0,1,0,0,0
0.30434782608695654,0,1,0.27577401851260774,1,0,0,0,0,0,0,1,0,0,0,1
0.7608695652173914,1,0,0.4034471752314076,0,0,1,0,0,0,1,0,0,0,0,1
0.3913043478260869,1,0,0.8278008298755186,0,0,1,0,0,0,0,1,1,0,0,0
0.28260869565217395,0,1,0.6597510373443984,0,1,0,0,0,0,1,0,0,0,1,0
0.13043478260869568,1,0,0.24561123523779127,1,0,0,0,0,0,1,0,0,1,0,0
0.23913043478260876,1,0,0.3823811043728056,1,0,0,0,0,0,1,0,0,0,1,0
0.3695652173913043,1,0,0.6610277689115864,0,0,0,1,0,0,0,1,1,0,0,0
0.673913043478261,0,1,0.5087775295244175,0,0,0,0,1,0,1,0,0,0,0,1
0.23913043478260876,1,0,0.7334822853495051,0,0,0,1,0,0,1,0,0,0,1,0
0.21739130434782616,1,0,0.5700606447494414,1,0,0,0,0,0,1,0,0,1,0,0
0.3913043478260869,0,1,0.31726779444621755,0,0,0,1,0,0,1,0,0,0,0,1
0.7173913043478262,0,1,0.7513565272901372,0,0,0,1,0,0,1,0,0,0,0,1
0.21739130434782616,0,1,0.2668368975422917,0,0,0,1,0,0,1,0,1,0,0,0
0.4130434782608696,1,0,0.3850941589530801,0,1,0,0,0,0,1,0,0,1,0,0
0.3913043478260869,1,0,0.5895308011490583,0,1,0,0,0,0,1,0,0,0,1,0
0.8913043478260869,0,1,0.49122247047558254,1,0,0,0,0,0,1,0,0,1,0,0
0.30434782608695654,1,0,0.6773060963932334,0,1,0,0,0,0,1,0,0,0,1,0
0.8478260869565217,1,0,0.7762527928503031,1,0,0,0,0,0,1,0,1,0,0,0
0.8260869565217392,0,1,0.5215448451962974,0,0,1,0,0,0,1,0,1,0,0,0
0.4130434782608696,1,0,0.476061283115225,0,0,1,0,0,0,1,0,0,1,0,0
0.10869565217391308,0,1,0.603415256942228,1,0,0,0,0,0,1,0,1,0,0,0
0.3695652173913043,0,1,0.8739227577401851,0,1,0,0,0,0,1,0,0,0,1,0
0.673913043478261,0,1,0.6003830194701565,0,0,0,1,0,0,1,0,0,1,0,0
0.7173913043478262,0,1,0.6610277689115864,0,1,0,0,0,0,1,0,0,1,0,0
0.5,0,1,0.1849664857963612,0,0,0,1,0,0,1,0,1,0,0,0
0.30434782608695654,1,0,0.9757421002234279,0,1,0,0,0,0,1,0,0,0,1,0
0.7608695652173914,0,1,0.7053941908713692,0,0,1,0,0,0,1,0,0,0,1,0
0.0,0,1,0.7732205553782316,1,0,0,0,0,0,1,0,1,0,0,0
0.02173913043478265,0,1,0.058729652090647955,1,0,0,0,0,0,1,0,0,0,0,1
0.8260869565217392,1,0,0.34264283434407916,0,0,0,1,0,0,0,1,0,1,0,0
0.6086956521739131,1,0,0.12432173635493138,1,0,0,0,0,0,1,0,0,1,0,0
0.4347826086956522,1,0,0.4800510692626875,0,0,0,1,0,0,1,0,0,0,0,1
0.4347826086956522,1,0,0.3790296840089371,0,1,0,0,0,0,1,0,0,1,0,0
0.8260869565217392,1,0,0.7768911586338971,1,0,0,0,0,0,1,0,0,0,0,1
0.23913043478260876,1,0,0.5154803702521544,0,1,0,0,0,0,1,0,0,1,0,0
0.5652173913043479,1,0,0.1879987232684328,0,0,1,0,0,0,1,0,1,0,0,0
0.02173913043478265,0,1,0.27593360995850624,0,0,0,1,0,0,1,0,0,1,0,0
0.19565217391304346,0,1,0.2598148739227578,1,0,0,0,0,0,1,0,0,0,0,1
0.5217391304347826,0,1,0.4315352697095436,0,1,0,0,0,0,1,0,0,0,1,0
0.15217391304347827,1,0,0.5649537184806892,0,0,0,0,0,1,1,0,0,0,1,0
0.5,1,0,0.6731567187998722,0,1,0,0,0,0,1,0,0,1,0,0
0.9565217391304348,0,1,0.46393233322693905,0,1,0,0,0,0,1,0,0,1,0,0
0.8043478260869565,1,0,0.6943823811043728,0,0,1,0,0,0,1,0,0,1,0,0
0.8913043478260869,1,0,0.5052665177146505,0,1,0,0,0,0,1,0,0,0,1,0
0.3695652173913043,0,1,0.3850941589530801,1,0,0,0,0,0,0,1,0,1,0,0
0.17391304347826086,0,1,0.7732205553782316,1,0,0,0,0,0,1,0,0,1,0,0
0.5652173913043479,1,0,0.5124481327800829,0,1,0,0,0,0,1,0,0,1,0,0
0.8695652173913044,1,0,0.23428024257899782,1,0,0,0,0,0,1,0,0,0,0,1
0.9565217391304348,0,1,0.542770507500798,0,0,1,0,0,0,1,0,0,1,0,0
0.4130434782608696,0,1,0.7159272263006702,1,0,0,0,0,0,0,1,0,0,1,0
0.3913043478260869,1,0,0.5566549632939672,0,1,0,0,0,0,0,1,0,0,0,1
0.0,1,0,0.5649537184806892,1,0,0,0,0,0,1,0,0,0,1,0
0.3913043478260869,0,1,0.41749122247047554,0,0,0,0,0,1,1,0,0,0,1,0
0.6521739130434783,1,0,0.6610277689115864,0,0,0,1,0,0,1,0,0,1,0,0
0.7826086956521738,0,1,0.9811682093839771,0,1,0,0,0,0,1,0,0,0,0,1
0.7826086956521738,0,1,0.5087775295244175,0,0,0,1,0,0,1,0,0,0,1,0
0.19565217391304346,1,0,0.48420044685604846,0,0,0,1,0,0,0,1,0,0,1,0
0.23913043478260876,1,0,0.6236833705713374,0,1,0,0,0,0,0,1,0,0,0,1
0.3913043478260869,0,1,0.3268432812001276,1,0,0,0,0,0,1,0,0,0,0,1
0.8043478260869565,0,1,0.4526013405681455,0,1,0,0,0,0,1,0,0,0,1,0
0.673913043478261,1,0,0.49122247047558254,0,0,0,1,0,0,1,0,1,0,0,0
0.8043478260869565,0,1,0.7931694861155443,0,0,1,0,0,0,1,0,0,0,1,0
0.10869565217391308,1,0,0.6141078838174274,0,0,0,1,0,0,1,0,0,0,0,1
0.0,1,0,1.0000000000000002,1,0,0,0,0,0,1,0,0,0,1,0
0.5,0,1,0.6421959782955633,0,0,0,1,0,0,1,0,0,0,1,0
0.9782608695652173,0,1,0.3517395467602936,1,0,0,0,0,0,0,1,0,1,0,0
0.10869565217391308,0,1,0.39419087136929454,1,0,0,0,0,0,0,1,0,1,0,0
0.17391304347826086,0,1,0.03941908713692943,0,1,0,0,0,0,0,1,1,0,0,0
0.5652173913043479,1,0,0.36514522821576756,0,1,0,0,0,0,1,0,0,0,0,1
0.34782608695652173,0,1,0.3753590807532715,1,0,0,0,0,0,1,0,0,0,1,0
1.0,1,0,0.3335461219278646,1,0,0,0,0,0,1,0,1,0,0,0
0.23913043478260876,1,0,0.5885732524736673,1,0,0,0,0,0,0,1,0,0,0,1
0.8260869565217392,1,0,0.5052665177146505,0,1,0,0,0,0,0,1,0,0,1,0
0.3913043478260869,0,1,0.34870730928822213,1,0,0,0,0,0,1,0,0,1,0,0
0.673913043478261,1,0,0.3076923076923077,0,1,0,0,0,0,0,1,0,0,0,1
0.7391304347826086,1,0,0.5185126077242259,0,0,1,0,0,0,1,0,1,0,0,0
0.3913043478260869,0,1,0.2119374401532078,0,1,0,0,0,0,0,1,0,0,0,1
0.8260869565217392,0,1,0.29811682093839775,1,0,0,0,0,0,1,0,0,0,0,1
0.7173913043478262,0,1,0.5789977657197574,1,0,0,0,0,0,1,0,0,0,1,0
0.0,0,1,0.18193424832428984,1,0,0,0,0,0,0,1,1,0,0,0
0.8043478260869565,0,1,0.3517395467602936,1,0,0,0,0,0,1,0,0,1,0,0
0.8043478260869565,1,0,0.5367060325566548,1,0,0,0,0,0,1,0,0,1,0,0
0.10869565217391308,1,0,0.08793488669007343,1,0,0,0,0,0,1,0,0,1,0,0
0.6304347826086956,0,1,0.37296520906479413,0,1,0,0,0,0,0,1,0,1,0,0
0.13043478260869568,1,0,0.5639961698052984,0,0,0,0,0,1,1,0,1,0,0,0
0.5652173913043479,0,1,0.2559846792211937,0,1,0,0,0,0,1,0,0,0,1,0
0.30434782608695654,1,0,0.5700606447494414,0,0,0,1,0,0,1,0,0,1,0,0
0.4782608695652174,0,1,0.4257899776571976,0,0,0,0,0,1,1,0,0,0,0,1
0.3913043478260869,1,0,0.403287583785509,0,0,1,0,0,0,1,0,0,1,0,0
0.9565217391304348,0,1,0.3297159272263006,1,0,0,0,0,0,0,1,0,0,1,0
0.5434782608695652,0,1,0.5885732524736673,0,0,1,0,0,0,1,0,0,0,0,1
0.17391304347826086,0,1,0.12256623045004789,0,0,0,1,0,0,1,0,0,0,0,1
0.21739130434782616,1,0,0.25023938716884775,0,1,0,0,0,0,1,0,0,0,0,1
0.5,1,0,0.18576444302585382,0,0,0,1,0,0,1,0,0,0,1,0
0.10869565217391308,0,1,0.5368656240025536,0,1,0,0,0,0,0,1,0,0,1,0
0.30434782608695654,0,1,0.548834982444941,0,0,1,0,0,0,1,0,0,1,0,0
0.7391304347826086,1,0,0.5789977657197574,1,0,0,0,0,0,1,0,0,0,1,0
0.08695652173913049,1,0,0.34727098627513564,1,0,0,0,0,0,1,0,0,0,1,0
0.5217391304347826,1,0,0.6386849664857963,0,1,0,0,0,0,1,0,0,0,1,0
0.8913043478260869,0,1,0.5245770826683691,0,0,1,0,0,0,1,0,1,0,0,0
0.6304347826086956,1,0,0.39115863389722305,0,0,1,0,0,0,0,1,0,1,0,0
0.4347826086956522,0,1,0.3608362591765081,0,0,0,1,0,0,1,0,1,0,0,0
0.6304347826086956,1,0,0.6460261729971275,0,0,0,1,0,0,1,0,0,0,0,1
0.7826086956521738,1,0,0.4548356208107245,1,0,0,0,0,0,1,0,0,1,0,0
0.5217391304347826,0,1,0.7002872646026173,1,0,0,0,0,0,1,0,0,0,0,1
0.5869565217391305,1,0,0.17283753590807527,1,0,0,0,0,0,1,0,0,1,0,0
0.06521739130434784,1,0,0.36386849664857956,1,0,0,0,0,0,1,0,1,0,0,0
0.043478260869565244,1,0,0.3619533992977977,1,0,0,0,0,0,0,1,0,0,0,1
0.6086956521739131,0,1,0.6246409192467284,1,0,0,0,0,0,0,1,1,0,0,0
0.5217391304347826,1,0,0.3305138844557932,0,0,0,1,0,0,1,0,0,1,0,0
0.6956521739130435,0,1,0.3788700925630385,0,0,1,0,0,0,1,0,0,0,1,0
0.6521739130434783,1,0,0.6808171082030003,0,1,0,0,0,0,1,0,0,0,1,0
0.4347826086956522,0,1,0.7721034152569421,1,0,0,0,0,0,1,0,0,0,1,0
0.8043478260869565,1,0,0.6155442068305137,0,0,0,1,0,0,1,0,1,0,0,0
1.0,1,0,0.5917650813916373,1,0,0,0,0,0,1,0,0,0,0,1
0.7391304347826086,0,1,0.23045004787743373,1,0,0,0,0,0,1,0,1,0,0,0
0.02173913043478265,1,0,0.27577401851260774,0,0,0,1,0,0,1,0,0,0,0,1
0.8695652173913044,1,0,0.6300670284072774,1,0,0,0,0,0,1,0,0,0,0,1
0.23913043478260876,1,0,0.3587615703798276,1,0,0,0,0,0,1,0,0,0,0,1
0.4347826086956522,0,1,0.11219278646664543,0,1,0,0,0,0,1,0,0,1,0,0
0.21739130434782616,1,0,0.3517395467602936,0,1,0,0,0,0,1,0,1,0,0,0
0.28260869565217395,1,0,0.44206830513884443,1,0,0,0,0,0,0,1,0,0,1,0
0.23913043478260876,0,1,0.27577401851260774,0,1,0,0,0,0,1,0,0,0,0,1
0.5434782608695652,0,1,0.34870730928822213,1,0,0,0,0,0,0,1,0,1,0,0
0.19565217391304346,1,0,0.5306415576125119,0,0,1,0,0,0,1,0,1,0,0,0
0.30434782608695654,1,0,0.4736674114267475,0,0,1,0,0,0,1,0,0,0,0,1
0.5,0,1,0.548834982444941,0,0,1,0,0,0,1,0,1,0,0,0
0.30434782608695654,1,0,0.3790296840089371,0,0,0,1,0,0,1,0,0,1,0,0
0.4347826086956522,1,0,0.10660708586019796,1,0,0,0,0,0,0,1,0,0,0,1
0.8260869565217392,0,1,0.39419087136929454,1,0,0,0,0,0,1,0,1,0,0,0
0.26086956521739135,1,0,0.6852856686881583,0,0,1,0,0,0,1,0,1,0,0,0
0.30434782608695654,0,1,0.902010852218321,1,0,0,0,0,0,1,0,0,0,1,0
0.32608695652173914,1,0,0.3555697414618577,0,0,0,1,0,0,0,1,0,0,0,1
0.0,1,0,0.5789977657197574,1,0,0,0,0,0,1,0,0,0,1,0
0.6086956521739131,1,0,0.89147781678902,0,0,1,0,0,0,1,0,0,0,1,0
0.8913043478260869,0,1,0.5151611873603574,0,0,1,0,0,0,1,0,0,0,0,1
0.6521739130434783,0,1,0.3156718799872327,0,0,1,0,0,0,0,1,0,0,1,0
1.0,1,0,0.6702840727736994,0,1,0,0,0,0,0,1,0,0,1,0
0.0,0,1,0.548834982444941,1,0,0,0,0,0,1,0,1,0,0,0
0.02173913043478265,0,1,0.5276093201404406,1,0,0,0,0,0,0,1,0,1,0,0
0.13043478260869568,0,1,0.37152888605170764,1,0,0,0,0,0,1,0,0,0,0,1
0.23913043478260876,0,1,0.13645068624321732,0,1,0,0,0,0,1,0,0,1,0,0
0.6086956521739131,0,1,0.24561123523779127,0,0,0,1,0,0,0,1,0,1,0,0
0.19565217391304346,1,0,0.22789658474305785,1,0,0,0,0,0,1,0,0,0,1,0
0.8913043478260869,0,1,0.34264283434407916,0,0,1,0,0,0,1,0,0,1,0,0
0.19565217391304346,0,1,0.6421959782955633,1,0,0,0,0,0,0,1,0,0,1,0
0.0,1,0,0.18576444302585382,0,1,0,0,0,0,1,0,0,0,1,0
0.8043478260869565,0,1,0.44270667092243843,1,0,0,0,0,0,1,0,1,0,0,0
0.3695652173913043,1,0,0.6003830194701565,0,1,0,0,0,0,1,0,0,1,0,0
0.21739130434782616,1,0,0.4245132460900096,0,1,0,0,0,0,1,0,1,0,0,0
0.4782608695652174,0,1,0.6457069901053303,1,0,0,0,0,0,1,0,0,0,1,0
0.0,1,0,0.36386849664857956,0,0,0,1,0,0,0,1,1,0,0,0
0.7391304347826086,0,1,0.48643472709862745,1,0,0,0,0,0,1,0,0,0,0,1
0.5,1,0,0.6316629428662623,0,0,0,1,0,0,0,1,0,0,1,0
0.5869565217391305,1,0,0.22135333546121927,0,1,0,0,0,0,0,1,0,1,0,0
0.28260869565217395,1,0,0.403287583785509,0,0,0,1,0,0,1,0,0,1,0,0
0.34782608695652173,1,0,0.5973507819980848,1,0,0,0,0,0,1,0,1,0,0,0
0.5217391304347826,0,1,0.2365145228215768,1,0,0,0,0,0,0,1,1,0,0,0
0.8478260869565217,1,0,0.5761251196935844,1,0,0,0,0,0,1,0,0,1,0,0
0.5,0,1,0.39419087136929454,0,0,0,1,0,0,1,0,0,1,0,0
0.06521739130434784,0,1,0.3140759655282477,1,0,0,0,0,0,1,0,0,0,0,1
0.4565217391304348,0,1,0.8247685924034469,1,0,0,0,0,0,1,0,0,0,1,0
0.8913043478260869,1,0,0.30322374720714973,0,0,0,1,0,0,1,0,1,0,0,0
0.9130434782608696,1,0,0.43664219597829557,1,0,0,0,0,0,1,0,1,0,0,0
0.6304347826086956,0,1,0.4336099585062241,0,0,0,1,0,0,1,0,0,1,0,0
0.5,0,1,0.5183530162783276,0,0,0,1,0,0,1,0,0,0,0,1
0.6956521739130435,1,0,0.5821895946377276,0,1,0,0,0,0,0,1,0,0,0,1
0.8043478260869565,1,0,0.4449409511650174,1,0,0,0,0,0,1,0,0,0,0,1
0.30434782608695654,1,0,0.41398021066070856,0,0,0,1,0,0,0,1,0,0,1,0
0.0,0,1,0.34375997446536866,1,0,0,0,0,0,1,0,0,0,1,0
0.02173913043478265,1,0,0.4066390041493775,1,0,0,0,0,0,1,0,0,0,0,1
0.06521739130434784,1,0,0.23140759655282472,1,0,0,0,0,0,1,0,0,0,1,0
0.02173913043478265,1,0,0.6246409192467284,1,0,0,0,0,0,1,0,0,1,0,0
0.23913043478260876,0,1,0.3823811043728056,0,0,0,1,0,0,0,1,0,0,1,0
0.4565217391304348,1,0,0.3335461219278646,1,0,0,0,0,0,0,1,1,0,0,0
0.8913043478260869,0,1,0.6013405681455473,0,1,0,0,0,0,1,0,0,0,0,1
0.06521739130434784,1,0,0.20236195339929786,0,0,0,1,0,0,1,0,0,0,0,1
0.06521739130434784,1,0,0.41541653367379505,1,0,0,0,0,0,1,0,0,1,0,0
0.7173913043478262,1,0,0.20619214810086184,1,0,0,0,0,0,1,0,1,0,0,0
0.7173913043478262,1,0,0.7577401851260772,0,0,0,1,0,0,1,0,0,0,0,1
0.23913043478260876,0,1,0.1879987232684328,1,0,0,0,0,0,0,1,1,0,0,0
0.5652173913043479,0,1,0.2885413341844877,0,0,0,1,0,0,1,0,0,0,0,1
0.9782608695652173,1,0,0.760932014044047,0,0,1,0,0,0,1,0,0,0,0,1
0.19565217391304346,0,1,0.48819023300351094,0,0,0,1,0,0,1,0,0,1,0,0
0.02173913043478265,0,1,0.39387168847749765,1,0,0,0,0,0,0,1,0,0,0,1
0.02173913043478265,1,0,0.37152888605170764,1,0,0,0,0,0,1,0,0,0,0,1
0.9782608695652173,1,0,0.5470794765400575,1,0,0,0,0,0,1,0,0,0,0,1
0.8695652173913044,1,0,1.0000000000000002,1,0,0,0,0,0,1,0,0,0,1,0
0.6304347826086956,0,1,0.554899457389084,1,0,0,0,0,0,1,0,1,0,0,0
0.19565217391304346,1,0,0.4210022342802425,1,0,0,0,0,0,0,1,0,0,1,0
0.0,0,1,0.5094158953080115,1,0,0,0,0,0,1,0,1,0,0,0
0.7173913043478262,1,0,0.859878710501117,0,1,0,0,0,0,0,1,0,0,1,0
0.0,1,0,0.5017555059048835,0,1,0,0,0,0,0,1,0,0,1,0
0.02173913043478265,0,1,0.39419087136929454,1,0,0,0,0,0,0,1,0,1,0,0
0.06521739130434784,1,0,0.6670922438557292,1,0,0,0,0,0,1,0,0,1,0,0
0.3913043478260869,0,1,0.3153526970954357,1,0,0,0,0,0,1,0,0,1,0,0
0.4130434782608696,0,1,0.2365145228215768,0,1,0,0,0,0,1,0,0,1,0,0
0.19565217391304346,1,0,0.548834982444941,0,1,0,0,0,0,1,0,0,1,0,0
0.8478260869565217,1,0,0.7791254388764761,1,0,0,0,0,0,1,0,0,0,1,0
0.26086956521739135,1,0,0.4982444940951165,0,0,1,0,0,0,1,0,0,0,1,0
0.043478260869565244,1,0,0.3850941589530801,0,0,0,1,0,0,0,1,0,1,0,0
0.02173913043478265,0,1,0.27290137248643476,0,0,0,1,0,0,1,0,0,1,0,0
0.0,1,0,0.46090009575486746,0,0,1,0,0,0,1,0,1,0,0,0
0.5869565217391305,1,0,0.4545164379189275,0,0,0,1,0,0,1,0,0,0,0,1
0.17391304347826086,0,1,0.843919565911267,0,0,0,1,0,0,1,0,0,0,0,1
0.5869565217391305,1,0,0.5662304500478774,0,0,0,1,0,0,1,0,0,0,0,1
0.5652173913043479,1,0,0.43967443345036705,0,1,0,0,0,0,1,0,1,0,0,0
0.5652173913043479,0,1,0.44206830513884443,0,1,0,0,0,0,1,0,0,0,1,0
0.8478260869565217,1,0,0.8854133418448771,0,0,0,1,0,0,1,0,0,0,0,1
0.0,0,1,0.7247047558250876,0,1,0,0,0,0,1,0,1,0,0,0
0.02173913043478265,1,0,0.3790296840089371,1,0,0,0,0,0,1,0,0,1,0,0
0.02173913043478265,1,0,0.9230769230769231,1,0,0,0,0,0,0,1,0,0,1,0
0.6956521739130435,0,1,0.4992020427705075,0,1,0,0,0,0,1,0,0,0,0,1
0.32608695652173914,1,0,0.5579316948611552,0,0,0,0,1,0,1,0,0,0,1,0
0.5,1,0,0.5821895946377276,0,1,0,0,0,0,1,0,0,1,0,0
0.02173913043478265,1,0,0.46696457069901054,1,0,0,0,0,0,1,0,0,1,0,0
0.0,0,1,0.451803383338653,1,0,0,0,0,0,1,0,1,0,0,0
0.30434782608695654,1,0,0.41238429620172357,1,0,0,0,0,0,1,0,0,1,0,0
0.26086956521739135,1,0,0.4928183849345673,0,0,0,1,0,0,1,0,0,0,0,1
0.0,0,1,0.6808171082030003,0,0,0,1,0,0,1,0,0,0,1,0
0.6521739130434783,1,0,0.3842962017235876,0,0,0,1,0,0,0,1,0,0,0,1
0.02173913043478265,1,0,0.6701244813278007,1,0,0,0,0,0,0,1,0,1,0,0
0.9782608695652173,1,0,0.18193424832428984,0,0,0,1,0,0,1,0,0,1,0,0
0.6956521739130435,1,0,0.29811682093839775,1,0,0,0,0,0,1,0,0,0,1,0
0.8913043478260869,0,1,0.6562400255346315,0,0,0,1,0,0,1,0,0,0,1,0
0.6521739130434783,1,0,0.43536546441110757,1,0,0,0,0,0,1,0,0,0,0,1
0.5,1,0,0.43664219597829557,0,0,0,0,1,0,1,0,1,0,0,0
0.6956521739130435,0,1,0.37152888605170764,0,0,0,1,0,0,0,1,0,0,0,1
0.3695652173913043,0,1,0.2395467602936482,0,1,0,0,0,0,1,0,1,0,0,0
0.08695652173913049,1,0,0.5154803702521544,1,0,0,0,0,0,1,0,0,1,0,0
0.043478260869565244,1,0,0.5245770826683691,0,0,0,1,0,0,1,0,0,1,0,0
0.8478260869565217,0,1,0.7034790935205872,0,1,0,0,0,0,1,0,0,0,0,1
0.9565217391304348,1,0,0.4487711458665815,1,0,0,0,0,0,1,0,0,1,0,0
0.6304347826086956,1,0,0.44174912224704754,0,0,1,0,0,0,0,1,0,0,0,1
0.673913043478261,1,0,0.6351739546760293,1,0,0,0,0,0,1,0,0,0,1,0
0.02173913043478265,1,0,0.3970635173954675,0,0,0,1,0,0,1,0,0,0,0,1
0.6304347826086956,0,1,0.5730928822215129,0,0,1,0,0,0,1,0,0,1,0,0
0.10869565217391308,0,1,0.3842962017235876,1,0,0,0,0,0,1,0,0,0,0,1
0.8478260869565217,0,1,0.5852218321097988,0,1,0,0,0,0,1,0,1,0,0,0
0.8260869565217392,1,0,0.5670284072773699,1,0,0,0,0,0,1,0,0,1,0,0
0.5434782608695652,1,0,0.7053941908713692,0,1,0,0,0,0,0,1,0,0,1,0
0.0,0,1,0.6276731567187999,1,0,0,0,0,0,1,0,1,0,0,0
0.5652173913043479,0,1,0.6701244813278007,0,0,0,1,0,0,1,0,0,1,0,0
0.23913043478260876,0,1,0.1849664857963612,0,0,0,1,0,0,0,1,1,0,0,0
0.3913043478260869,1,0,0.5700606447494414,0,0,0,1,0,0,1,0,0,1,0,0
0.19565217391304346,1,0,0.5333546121927866,1,0,0,0,0,0,1,0,0,0,1,0
0.08695652173913049,0,1,0.13645068624321732,1,0,0,0,0,0,1,0,0,1,0,0
0.8913043478260869,0,1,0.6141078838174274,1,0,0,0,0,0,1,0,0,0,1,0
0.0,0,1,0.7089052026811362,1,0,0,0,0,0,1,0,0,0,1,0
0.19565217391304346,1,0,0.5649537184806892,1,0,0,0,0,0,1,0,0,0,1,0
0.34782608695652173,1,0,0.29715927226300665,0,0,0,1,0,0,1,0,0,1,0,0
0.26086956521739135,1,0,0.6172997127353972,1,0,0,0,0,0,0,1,0,0,0,1
0.7608695652173914,1,0,0.3335461219278646,0,1,0,0,0,0,1,0,1,0,0,0
0.02173913043478265,1,0,0.1425151611873604,1,0,0,0,0,0,1,0,0,1,0,0
0.673913043478261,1,0,0.6667730609639324,1,0,0,0,0,0,1,0,0,0,1,0
0.5,1,0,0.4730290456431535,0,0,1,0,0,0,0,1,1,0,0,0
0.28260869565217395,0,1,0.3140759655282477,0,1,0,0,0,0,1,0,0,0,0,1
0.6304347826086956,0,1,0.24385572933290778,0,0,0,1,0,0,1,0,0,0,0,1
0.9565217391304348,0,1,0.5502713054580275,1,0,0,0,0,0,1,0,0,0,0,1
0.6086956521739131,0,1,0.4545164379189275,0,1,0,0,0,0,1,0,0,0,0,1
0.0,1,0,0.7089052026811362,1,0,0,0,0,0,0,1,0,0,1,0
0.7826086956521738,1,0,0.4487711458665815,1,0,0,0,0,0,1,0,0,1,0,0
0.3695652173913043,0,1,0.3747207149696775,0,0,1,0,0,0,1,0,0,0,0,1
0.7608695652173914,1,0,0.48515799553143946,0,0,0,1,0,0,1,0,0,1,0,0
0.4782608695652174,0,1,0.30322374720714973,0,0,0,1,0,0,1,0,1,0,0,0
0.9782608695652173,0,1,0.6141078838174274,0,0,0,1,0,0,1,0,0,0,1,0
0.673913043478261,0,1,0.25167571018193424,0,0,1,0,0,0,0,1,1,0,0,0
0.3913043478260869,1,0,0.41238429620172357,0,0,1,0,0,0,1,0,1,0,0,0
0.5217391304347826,1,0,0.32444940951165013,0,1,0,0,0,0,1,0,1,0,0,0
0.6521739130434783,1,0,0.7853495052665176,0,1,0,0,0,0,0,1,0,1,0,0
0.08695652173913049,0,1,0.46090009575486746,1,0,0,0,0,0,1,0,1,0,0,0
0.10869565217391308,1,0,0.25167571018193424,1,0,0,0,0,0,1,0,1,0,0,0
0.7391304347826086,0,1,0.6843281200127671,1,0,0,0,0,0,1,0,0,0,0,1
0.9565217391304348,0,1,0.7405043089690391,1,0,0,0,0,0,1,0,0,0,1,0
0.34782608695652173,1,0,0.17283753590807527,1,0,0,0,0,0,1,0,1,0,0,0
0.02173913043478265,0,1,0.5981487392275775,0,1,0,0,0,0,0,1,0,0,0,1
0.9347826086956521,1,0,0.4982444940951165,1,0,0,0,0,0,1,0,0,0,1,0
0.4347826086956522,1,0,0.39291413980210654,0,0,0,1,0,0,1,0,0,0,1,0
0.30434782608695654,1,0,0.38812639642515157,0,0,0,0,0,1,0,1,0,1,0,0
0.8913043478260869,0,1,0.24561123523779127,1,0,0,0,0,0,0,1,0,1,0,0
0.8695652173913044,1,0,0.403287583785509,1,0,0,0,0,0,1,0,0,1,0,0
0.7608695652173914,0,1,0.2122566230450047,0,0,1,0,0,0,0,1,1,0,0,0
0.28260869565217395,0,1,0.24385572933290778,0,1,0,0,0,0,1,0,0,0,0,1
0.10869565217391308,0,1,0.23045004787743373,0,1,0,0,0,0,1,0,0,1,0,0
0.19565217391304346,0,1,0.5245770826683691,0,0,0,1,0,0,1,0,1,0,0,0
0.5,1,0,0.5614427066709222,1,0,0,0,0,0,1,0,0,0,1,0
0.5869565217391305,1,0,0.46393233322693905,0,1,0,0,0,0,1,0,0,1,0,0
0.4130434782608696,1,0,0.6737950845834664,0,0,0,1,0,0,0,1,0,0,1,0
0.13043478260869568,1,0,0.4002553463134375,1,0,0,0,0,0,0,1,1,0,0,0
0.0,1,0,0.29412703479093516,1,0,0,0,0,0,0,1,1,0,0,0
0.7391304347826086,0,1,0.4730290456431535,0,0,0,1,0,0,1,0,1,0,0,0
0.7826086956521738,0,1,0.41238429620172357,0,1,0,0,0,0,1,0,1,0,0,0
0.21739130434782616,1,0,0.6216086817746569,1,0,0,0,0,0,1,0,1,0,0,0
0.8478260869565217,0,1,0.4093520587296521,0,0,0,0,0,1,1,0,1,0,0,0
0.32608695652173914,0,1,0.10006383657835938,0,1,0,0,0,0,0,1,1,0,0,0
0.7173913043478262,1,0,0.6715608043408872,1,0,0,0,0,0,1,0,0,0,0,1
0.5217391304347826,0,1,0.5397382700287263,1,0,0,0,0,0,1,0,1,0,0,0
0.02173913043478265,0,1,0.7550271305458027,0,0,0,1,0,0,1,0,0,1,0,0
0.21739130434782616,1,0,0.6747526332588574,0,0,0,1,0,0,1,0,0,0,0,1
0.8043478260869565,0,1,0.5245770826683691,0,0,0,1,0,0,1,0,1,0,0,0
0.8695652173913044,0,1,0.5470794765400575,1,0,0,0,0,0,1,0,0,0,0,1
0.8043478260869565,1,0,0.5719757421002234,0,0,1,0,0,0,1,0,0,0,1,0
0.9782608695652173,0,1,0.22741781040536224,1,0,0,0,0,0,1,0,1,0,0,0
0.3695652173913043,1,0,0.41302266198531745,0,0,1,0,0,0,1,0,0,0,0,1
0.9565217391304348,1,0,0.476061283115225,0,0,1,0,0,0,0,1,0,1,0,0
0.6304347826086956,1,0,0.30322374720714973,0,1,0,0,0,0,1,0,1,0,0,0
0.17391304347826086,1,0,0.15448451962974785,1,0,0,0,0,0,1,0,0,0,0,1
0.4130434782608696,0,1,0.3332269390360676,1,0,0,0,0,0,0,1,0,0,1,0
0.5434782608695652,0,1,0.2910947973188637,1,0,0,0,0,0,1,0,1,0,0,0
0.0,0,1,0.2594956910309607,0,0,0,1,0,0,1,0,0,0,1,0
0.7391304347826086,1,0,0.5367060325566548,0,0,1,0,0,0,1,0,0,1,0,0
0.0,1,0,0.39419087136929454,0,0,0,1,0,0,1,0,1,0,0,0
0.6304347826086956,0,1,0.2598148739227578,0,0,0,1,0,0,1,0,0,0,0,1
0.043478260869565244,0,1,0.18640280880944782,1,0,0,0,0,0,0,1,0,0,0,1
0.32608695652173914,1,0,0.843919565911267,0,0,0,0,1,0,1,0,0,0,0,1
0.5434782608695652,0,1,0.5943185445260133,0,0,0,1,0,0,1,0,0,1,0,0
0.10869565217391308,0,1,0.4928183849345673,1,0,0,0,0,0,0,1,0,0,0,1
0.23913043478260876,1,0,0.6808171082030003,0,1,0,0,0,0,1,0,0,0,1,0
1.0,0,1,0.6386849664857963,1,0,0,0,0,0,1,0,0,0,1,0
0.5217391304347826,0,1,0.3396105968720077,1,0,0,0,0,0,0,1,0,1,0,0
0.13043478260869568,1,0,0.34567507181615065,0,0,0,1,0,0,1,0,0,1,0,0
0.0,0,1,0.48420044685604846,1,0,0,0,0,0,1,0,0,0,1,0
0.32608695652173914,1,0,0.4561123523779125,1,0,0,0,0,0,1,0,0,0,1,0
0.5,1,0,0.4098308330673476,0,0,0,1,0,0,1,0,0,0,0,1
0.32608695652173914,1,0,0.27593360995850624,0,1,0,0,0,0,1,0,0,1,0,0
0.30434782608695654,0,1,0.6761889562719439,0,0,1,0,0,0,1,0,1,0,0,0
0.4347826086956522,1,0,0.027290137248643487,0,1,0,0,0,0,1,0,1,0,0,0
0.8478260869565217,0,1,0.4066390041493775,1,0,0,0,0,0,1,0,0,0,0,1
0.9782608695652173,0,1,0.2910947973188637,1,0,0,0,0,0,1,0,0,1,0,0
0.9347826086956521,0,1,0.4455793169486115,0,0,1,0,0,0,0,1,0,0,1,0
0.34782608695652173,0,1,0.4548356208107245,0,0,0,1,0,0,0,1,0,1,0,0
0.9565217391304348,0,1,0.5336737950845833,1,0,0,0,0,0,1,0,0,1,0,0
0.3913043478260869,1,0,0.5895308011490583,1,0,0,0,0,0,0,1,0,0,1,0
0.6521739130434783,1,0,0.43855729332907745,1,0,0,0,0,0,1,0,0,0,1,0
0.673913043478261,1,0,0.5215448451962974,0,0,1,0,0,0,1,0,0,1,0,0
0.3695652173913043,1,0,0.3759974465368655,0,1,0,0,0,0,0,1,1,0,0,0
0.13043478260869568,1,0,0.48212575805936797,1,0,0,0,0,0,0,1,1,0,0,0
0.4130434782608696,1,0,0.44270667092243843,0,1,0,0,0,0,1,0,1,0,0,0
0.8913043478260869,1,0,0.30322374720714973,1,0,0,0,0,0,1,0,0,1,0,0
0.8478260869565217,1,0,0.3823811043728056,0,0,0,1,0,0,1,0,0,0,1,0
0.13043478260869568,1,0,0.2374720714969677,1,0,0,0,0,0,1,0,0,0,0,1
0.19565217391304346,1,0,0.4577082668368976,0,0,1,0,0,0,1,0,0,0,0,1
0.02173913043478265,1,0,0.3062559846792211,0,0,0,1,0,0,1,0,0,1,0,0
0.8260869565217392,0,1,0.8282796042132139,1,0,0,0,0,0,1,0,0,0,1,0
0.10869565217391308,1,0,0.36386849664857956,0,0,0,1,0,0,1,0,0,1,0,0
1.0,1,0,0.24896265560165975,1,0,0,0,0,0,0,1,0,0,1,0
0.8913043478260869,1,0,0.4093520587296521,1,0,0,0,0,0,1,0,0,1,0,0
0.34782608695652173,0,1,0.4245132460900096,0,0,1,0,0,0,1,0,0,0,1,0
0.5434782608695652,0,1,0.5298436003830196,0,0,1,0,0,0,0,1,0,0,1,0
0.7391304347826086,1,0,0.2668368975422917,0,0,1,0,0,0,0,1,1,0,0,0
0.3695652173913043,1,0,0.2607724225981487,0,0,0,1,0,0,1,0,0,1,0,0
0.02173913043478265,0,1,0.44174912224704754,1,0,0,0,0,0,1,0,0,0,0,1
0.5217391304347826,1,0,0.39419087136929454,0,0,1,0,0,0,0,1,0,1,0,0
0.9347826086956521,1,0,0.5609639323332267,1,0,0,0,0,0,1,0,1,0,0,0
0.5,0,1,0.3858921161825726,0,0,0,1,0,0,1,0,0,0,1,0
0.9782608695652173,1,0,0.4736674114267475,1,0,0,0,0,0,1,0,0,0,0,1
0.5,1,0,0.5825087775295243,0,0,0,1,0,0,1,0,0,0,1,0
0.5652173913043479,0,1,0.7053941908713692,1,0,0,0,0,0,0,1,0,0,1,0
0.3913043478260869,1,0,0.476061283115225,0,0,0,1,0,0,1,0,0,1,0,0
0.6086956521739131,1,0,0.46393233322693905,0,0,1,0,0,0,0,1,0,1,0,0
1.0,0,1,0.542770507500798,1,0,0,0,0,0,1,0,0,1,0,0
0.28260869565217395,1,0,0.7510373443983402,0,0,0,1,0,0,1,0,0,0,1,0
0.7826086956521738,0,1,0.37296520906479413,0,0,0,1,0,0,1,0,0,1,0,0
0.4130434782608696,1,0,0.9757421002234279,0,0,1,0,0,0,1,0,0,0,1,0
0.8260869565217392,1,0,0.31838493456750716,1,0,0,0,0,0,1,0,1,0,0,0
0.17391304347826086,0,1,0.4455793169486115,0,1,0,0,0,0,1,0,0,0,1,0
0.8043478260869565,1,0,0.17682732205553786,0,0,0,1,0,0,1,0,0,0,0,1
0.26086956521739135,1,0,0.697095435684647,0,1,0,0,0,0,0,1,0,0,0,1
0.23913043478260876,1,0,0.43967443345036705,0,1,0,0,0,0,1,0,0,1,0,0
1.0,1,0,0.7004468560485158,1,0,0,0,0,0,1,0,0,1,0,0
0.28260869565217395,1,0,0.31726779444621755,0,0,1,0,0,0,0,1,0,0,0,1
0.5869565217391305,0,1,0.4034471752314076,0,1,0,0,0,0,1,0,0,0,1,0
0.15217391304347827,1,0,0.34264283434407916,0,0,0,0,0,1,1,0,0,1,0,0
0.7173913043478262,0,1,0.17874241940631974,0,0,0,1,0,0,1,0,0,0,1,0
0.08695652173913049,0,1,0.4104691988509416,1,0,0,0,0,0,1,0,0,0,1,0
0.6086956521739131,0,1,0.5949569103096075,0,0,0,1,0,0,0,1,0,0,0,1
0.7173913043478262,0,1,0.14810086179380788,1,0,0,0,0,0,1,0,0,0,0,1
0.043478260869565244,0,1,0.41541653367379505,1,0,0,0,0,0,1,0,0,1,0,0
0.9130434782608696,0,1,0.2577401851260772,1,0,0,0,0,0,1,0,0,1,0,0
0.3913043478260869,1,0,0.4960102138525375,1,0,0,0,0,0,1,0,0,0,0,1
0.9130434782608696,0,1,0.7053941908713692,1,0,0,0,0,0,1,0,0,0,1,0
0.5434782608695652,1,0,0.3051388445579316,0,0,0,0,1,0,1,0,0,0,1,0
0.30434782608695654,0,1,0.14554739865943178,1,0,0,0,0,0,1,0,1,0,0,0
0.6521739130434783,0,1,0.3820619214810086,0,0,0,0,0,1,1,0,0,1,0,0
0.5652173913043479,1,0,0.19709543568464738,0,1,0,0,0,0,1,0,1,0,0,0
0.043478260869565244,0,1,0.43536546441110757,1,0,0,0,0,0,1,0,0,0,0,1
0.13043478260869568,0,1,0.23140759655282472,1,0,0,0,0,0,1,0,0,0,1,0
0.9347826086956521,1,0,0.5730928822215129,1,0,0,0,0,0,1,0,1,0,0,0
0.0,1,0,0.5684647302904564,0,0,0,1,0,0,1,0,0,0,1,0
0.4130434782608696,1,0,0.4736674114267475,1,0,0,0,0,0,1,0,0,0,0,1
0.10869565217391308,0,1,0.7440153207788063,0,1,0,0,0,0,1,0,0,0,1,0
0.15217391304347827,0,1,0.34567507181615065,0,1,0,0,0,0,1,0,0,1,0,0
0.26086956521739135,0,1,0.39722310884136613,0,0,0,1,0,0,1,0,0,1,0,0
0.5217391304347826,0,1,0.8096074050430897,0,0,0,1,0,0,1,0,1,0,0,0
0.4130434782608696,0,1,0.3062559846792211,0,0,0,1,0,0,0,1,1,0,0,0
0.32608695652173914,0,1,0.5598467922119374,1,0,0,0,0,0,0,1,0,0,0,1
0.17391304347826086,0,1,0.20012767315671876,1,0,0,0,0,0,1,0,0,1,0,0
1.0,0,1,0.22438557293329076,1,0,0,0,0,0,0,1,0,0,1,0
0.32608695652173914,0,1,0.7615703798276412,0,0,0,1,0,0,1,0,0,0,1,0
0.7826086956521738,1,0,0.5367060325566548,1,0,0,0,0,0,1,0,1,0,0,0
0.8695652173913044,0,1,0.542770507500798,1,0,0,0,0,0,1,0,1,0,0,0
0.0,1,0,0.6141078838174274,0,0,0,1,0,0,1,0,0,0,1,0
0.02173913043478265,0,1,0.7832748164698371,1,0,0,0,0,0,1,0,0,0,0,1
0.8695652173913044,1,0,0.7034790935205872,1,0,0,0,0,0,1,0,0,0,0,1
0.4782608695652174,1,0,0.21528886051707619,0,1,0,0,0,0,1,0,1,0,0,0
0.13043478260869568,0,1,0.3753590807532715,1,0,0,0,0,0,1,0,0,0,1,0
0.9782608695652173,0,1,0.18193424832428984,1,0,0,0,0,0,1,0,1,0,0,0
0.26086956521739135,1,0,0.902010852218321,0,1,0,0,0,0,1,0,0,0,1,0
0.4565217391304348,1,0,0.3274816469837216,0,0,0,1,0,0,1,0,0,1,0,0
0.6521739130434783,1,0,0.5215448451962974,0,0,0,1,0,0,1,0,0,1,0,0
0.6086956521739131,1,0,0.5579316948611552,0,0,0,1,0,0,1,0,1,0,0,0
0.4565217391304348,1,0,0.6172997127353972,0,1,0,0,0,0,0,1,0,0,0,1
0.28260869565217395,0,1,0.7065113309926587,0,0,0,1,0,0,0,1,1,0,0,0
0.7826086956521738,0,1,0.5215448451962974,0,0,0,1,0,0,1,0,1,0,0,0
0.10869565217391308,0,1,0.3999361634216405,0,0,0,1,0,0,0,1,0,0,1,0
0.5217391304347826,1,0,0.32269390360676664,0,0,0,1,0,0,0,1,0,0,1,0
0.13043478260869568,1,0,0.5122885413341844,1,0,0,0,0,0,1,0,0,0,1,0
0.34782608695652173,0,1,0.7034790935205872,0,0,1,0,0,0,1,0,0,0,0,1
0.02173913043478265,0,1,0.3820619214810086,0,0,1,0,0,0,1,0,0,1,0,0
0.21739130434782616,1,0,0.476061283115225,1,0,0,0,0,0,1,0,0,1,0,0
0.7391304347826086,1,0,0.7226300670284074,0,1,0,0,0,0,1,0,0,0,0,1
0.6521739130434783,1,0,0.5853814235556973,0,0,1,0,0,0,1,0,0,0,0,1
0.21739130434782616,0,1,0.6913501436323011,0,0,0,1,0,0,1,0,0,0,1,0
0.08695652173913049,0,1,0.4806894350462815,0,0,1,0,0,0,0,1,0,0,1,0
0.6956521739130435,1,0,0.9195659112671561,0,0,0,1,0,0,1,0,0,0,1,0
0.28260869565217395,0,1,0.34024896265560167,1,0,0,0,0,0,1,0,0,0,1,0
0.7173913043478262,1,0,0.3013086498563676,1,0,0,0,0,0,1,0,0,0,0,1
0.7826086956521738,1,0,0.2577401851260772,1,0,0,0,0,0,1,0,1,0,0,0
0.02173913043478265,1,0,0.3608362591765081,0,1,0,0,0,0,1,0,0,1,0,0
0.8913043478260869,1,0,0.3332269390360676,1,0,0,0,0,0,1,0,0,0,1,0
0.6521739130434783,1,0,0.494254707947654,0,0,0,1,0,0,1,0,1,0,0,0
0.19565217391304346,1,0,0.4002553463134375,1,0,0,0,0,0,0,1,0,1,0,0
0.17391304347826086,0,1,0.4315352697095436,0,0,0,1,0,0,1,0,0,0,1,0
0.06521739130434784,1,0,0.4806894350462815,1,0,0,0,0,0,1,0,0,0,1,0
0.5217391304347826,0,1,0.41621449090328755,0,0,0,1,0,0,1,0,0,0,0,1
0.8695652173913044,1,0,0.45786785828279597,1,0,0,0,0,0,1,0,1,0,0,0
0.4130434782608696,0,1,0.04245132460900092,0,1,0,0,0,0,1,0,1,0,0,0
0.10869565217391308,0,1,0.6064474944142995,0,0,1,0,0,0,1,0,0,1,0,0
0.34782608695652173,0,1,0.09703159910628789,0,0,1,0,0,0,1,0,1,0,0,0
0.23913043478260876,0,1,0.31726779444621755,1,0,0,0,0,0,1,0,0,0,0,1
0.5,1,0,0.39722310884136613,0,0,0,1,0,0,1,0,0,1,0,0
0.32608695652173914,0,1,0.08107245451643785,0,0,0,1,0,0,1,0,0,0,0,1
0.8260869565217392,1,0,0.12735397382700286,1,0,0,0,0,0,0,1,1,0,0,0
0.5869565217391305,0,1,0.6337376316629428,1,0,0,0,0,0,1,0,0,1,0,0
0.32608695652173914,0,1,0.2665177146504947,1,0,0,0,0,0,1,0,0,0,1,0
0.7173913043478262,1,0,0.23140759655282472,0,0,0,1,0,0,0,1,0,0,1,0
0.06521739130434784,1,0,0.48819023300351094,1,0,0,0,0,0,1,0,0,1,0,0
0.5869565217391305,0,1,0.5052665177146505,1,0,0,0,0,0,1,0,0,0,1,0
0.17391304347826086,1,0,0.9757421002234279,0,0,0,1,0,0,1,0,0,0,1,0
0.26086956521739135,1,0,0.26939036067666766,0,0,1,0,0,0,0,1,0,0,0,1
0.02173913043478265,0,1,0.5154803702521544,1,0,0,0,0,0,1,0,0,1,0,0
0.043478260869565244,0,1,0.4093520587296521,1,0,0,0,0,0,1,0,1,0,0,0
0.673913043478261,1,0,0.44270667092243843,0,0,0,1,0,0,1,0,1,0,0,0
0.13043478260869568,0,1,0.3396105968720077,1,0,0,0,0,0,1,0,1,0,0,0
0.7826086956521738,0,1,0.6337376316629428,0,0,1,0,0,0,1,0,0,1,0,0
0.5217391304347826,0,1,0.6458665815512288,0,0,0,1,0,0,1,0,0,1,0,0
1.0,0,1,0.451803383338653,0,0,1,0,0,0,1,0,0,1,0,0
0.8913043478260869,0,1,0.6640600063836577,0,0,0,1,0,0,0,1,1,0,0,0
1.0,1,0,0.7405043089690391,0,0,0,1,0,0,1,0,0,0,1,0
0.02173913043478265,0,1,0.6852856686881583,1,0,0,0,0,0,1,0,0,1,0,0
0.06521739130434784,0,1,0.1879987232684328,0,0,0,1,0,0,0,1,1,0,0,0
0.0,0,1,0.39115863389722305,1,0,0,0,0,0,1,0,1,0,0,0
0.8478260869565217,1,0,0.4972869454197255,1,0,0,0,0,0,1,0,0,1,0,0
0.0,1,0,0.4002553463134375,1,0,0,0,0,0,1,0,1,0,0,0
0.3695652173913043,0,1,0.6337376316629428,0,0,0,1,0,0,1,0,0,1,0,0
0.6956521739130435,0,1,0.36386849664857956,1,0,0,0,0,0,1,0,1,0,0,0
0.043478260869565244,0,1,0.20619214810086184,1,0,0,0,0,0,0,1,0,1,0,0
0.19565217391304346,1,0,0.8353016278327481,1,0,0,0,0,0,0,1,0,0,1,0
0.13043478260869568,0,1,0.44573890839451,1,0,0,0,0,0,1,0,0,1,0,0
0.5217391304347826,0,1,0.29811682093839775,0,0,0,1,0,0,1,0,0,0,0,1
0.0,0,1,0.2910947973188637,1,0,0,0,0,0,1,0,1,0,0,0
0.9565217391304348,1,0,0.4947334822853495,0,0,0,1,0,0,1,0,0,0,1,0
0.26086956521739135,0,1,0.4768592403447174,0,0,1,0,0,0,1,0,0,0,0,1
0.5869565217391305,0,1,0.29412703479093516,0,1,0,0,0,0,1,0,1,0,0,0
0.7608695652173914,0,1,0.3396105968720077,1,0,0,0,0,0,1,0,0,1,0,0
0.08695652173913049,0,1,0.23045004787743373,1,0,0,0,0,0,1,0,1,0,0,0
0.06521739130434784,1,0,0.32141717203957865,1,0,0,0,0,0,1,0,1,0,0,0
0.4130434782608696,0,1,0.4321736354931376,0,1,0,0,0,0,1,0,0,0,0,1
0.9565217391304348,1,0,0.36993297159272265,0,0,0,1,0,0,1,0,0,1,0,0
0.7173913043478262,0,1,0.7883817427385891,1,0,0,0,0,0,1,0,1,0,0,0
0.0,1,0,0.22438557293329076,1,0,0,0,0,0,1,0,1,0,0,0
0.17391304347826086,0,1,0.5821895946377276,0,1,0,0,0,0,1,0,0,0,0,1
0.8913043478260869,1,0,0.6843281200127671,1,0,0,0,0,0,1,0,0,0,0,1
0.13043478260869568,0,1,0.2638046600702203,1,0,0,0,0,0,1,0,0,1,0,0
0.673913043478261,1,0,0.3153526970954357,0,0,0,1,0,0,1,0,1,0,0,0
0.4565217391304348,0,1,0.5789977657197574,0,0,1,0,0,0,1,0,0,0,0,1
0.6521739130434783,0,1,0.5193105649537184,0,0,0,1,0,0,1,0,0,0,1,0
0.0,0,1,0.6667730609639324,1,0,0,0,0,0,0,1,0,0,1,0
0.3695652173913043,1,0,0.27002872646026177,0,0,1,0,0,0,0,1,0,0,1,0
0.6304347826086956,1,0,1.0000000000000002,0,0,0,1,0,0,1,0,0,0,1,0
0.34782608695652173,0,1,0.3335461219278646,0,0,0,1,0,0,1,0,0,1,0,0
0.4565217391304348,0,1,0.25247366741142674,0,0,0,0,1,0,1,0,0,0,1,0
0.02173913043478265,0,1,0.46393233322693905,1,0,0,0,0,0,1,0,0,1,0,0
0.6304347826086956,1,0,0.6421959782955633,0,0,0,1,0,0,0,1,0,0,1,0
0.02173913043478265,1,0,0.32141717203957865,0,0,0,1,0,0,0,1,0,1,0,0
0.7826086956521738,0,1,0.48771145866581544,1,0,0,0,0,0,1,0,0,0,1,0
0.21739130434782616,0,1,0.41238429620172357,0,0,0,1,0,0,1,0,1,0,0,0
0.21739130434782616,1,0,0.6524098308330673,0,0,0,1,0,0,0,1,0,0,0,1
0.4782608695652174,1,0,0.5215448451962974,0,1,0,0,0,0,1,0,0,1,0,0
0.13043478260869568,0,1,0.29715927226300665,1,0,0,0,0,0,1,0,1,0,0,0
0.3695652173913043,1,0,0.7580593680178742,0,0,0,0,0,1,1,0,1,0,0,0
0.7608695652173914,0,1,0.2819980849026492,0,0,0,1,0,0,1,0,0,1,0,0
0.0,0,1,0.7756144270667091,1,0,0,0,0,0,1,0,0,0,1,0
0.0,0,1,0.5157995531439514,0,1,0,0,0,0,1,0,0,0,1,0
0.5869565217391305,1,0,0.7610916054899457,1,0,0,0,0,0,1,0,1,0,0,0
0.32608695652173914,0,1,0.19709543568464738,0,0,0,1,0,0,1,0,1,0,0,0
0.8260869565217392,0,1,0.7615703798276412,1,0,0,0,0,0,1,0,0,0,1,0
0.7391304347826086,1,0,0.5518672199170125,1,0,0,0,0,0,1,0,1,0,0,0
0.7173913043478262,1,0,0.500319182891797,1,0,0,0,0,0,1,0,0,1,0,0
0.6956521739130435,1,0,0.30019150973507813,0,1,0,0,0,0,1,0,0,1,0,0
0.043478260869565244,0,1,0.6715608043408872,0,0,0,0,1,0,1,0,0,0,0,1
0.8913043478260869,1,0,0.2789658474305776,1,0,0,0,0,0,1,0,1,0,0,0
0.9130434782608696,0,1,0.6398021066070858,1,0,0,0,0,0,1,0,1,0,0,0
0.4782608695652174,0,1,0.2365145228215768,0,0,1,0,0,0,1,0,1,0,0,0
0.3913043478260869,0,1,0.19709543568464738,0,0,1,0,0,0,1,0,1,0,0,0
0.21739130434782616,0,1,0.25167571018193424,0,1,0,0,0,0,1,0,0,1,0,0
0.043478260869565244,0,1,0.5534631343759973,1,0,0,0,0,0,1,0,0,0,0,1
0.19565217391304346,1,0,0.46409192467283744,1,0,0,0,0,0,1,0,0,0,0,1
0.5217391304347826,1,0,0.27593360995850624,0,1,0,0,0,0,0,1,1,0,0,0
0.4782608695652174,1,0,0.8212575805936801,1,0,0,0,0,0,1,0,0,0,1,0
0.5434782608695652,1,0,0.6064474944142995,0,0,0,1,0,0,0,1,1,0,0,0
0.23913043478260876,0,1,0.5154803702521544,0,1,0,0,0,0,1,0,0,1,0,0
0.6521739130434783,1,0,0.7721034152569421,1,0,0,0,0,0,1,0,0,0,1,0
0.06521739130434784,0,1,0.6035748483881263,1,0,0,0,0,0,1,0,0,0,1,0
0.8260869565217392,1,0,0.5154803702521544,0,0,0,1,0,0,1,0,1,0,0,0
0.30434782608695654,1,0,0.4960102138525375,0,0,0,1,0,0,1,0,0,0,0,1
0.7826086956521738,1,0,0.2917331631024578,0,0,1,0,0,0,0,1,0,0,0,1
0.15217391304347827,1,0,0.2607724225981487,1,0,0,0,0,0,0,1,0,1,0,0
0.6304347826086956,0,1,0.6396425151611873,0,0,0,1,0,0,1,0,0,0,0,1
0.7826086956521738,1,0,0.5825087775295243,0,1,0,0,0,0,0,1,0,0,1,0
0.26086956521739135,0,1,0.5247366741142674,0,0,0,1,0,0,1,0,0,0,0,1
0.4782608695652174,0,1,0.5438876476220873,0,0,1,0,0,0,1,0,0,0,1,0
0.5869565217391305,1,0,0.24257899776571967,0,1,0,0,0,0,1,0,1,0,0,0
0.02173913043478265,1,0,0.14857963613150327,0,1,0,0,0,0,1,0,0,1,0,0
0.7826086956521738,1,0,0.4736674114267475,0,0,0,1,0,0,0,1,0,0,1,0
0.4782608695652174,1,0,0.2910947973188637,1,0,0,0,0,0,1,0,0,0,1,0
0.02173913043478265,1,0,0.5885732524736673,1,0,0,0,0,0,1,0,0,0,0,1
0.4782608695652174,0,1,0.8126396425151612,0,0,0,1,0,0,1,0,0,1,0,0
0.9782608695652173,1,0,0.6640600063836577,1,0,0,0,0,0,1,0,1,0,0,0
0.9347826086956521,1,0,0.6428343440791573,0,0,1,0,0,0,1,0,0,0,0,1
0.8913043478260869,0,1,0.3365783593999361,1,0,0,0,0,0,1,0,1,0,0,0
0.5217391304347826,1,0,0.2840727736993297,1,0,0,0,0,0,1,0,0,0,1,0
0.10869565217391308,0,1,0.855090967124162,0,0,0,1,0,0,0,1,1,0,0,0
0.8260869565217392,0,1,0.3587615703798276,1,0,0,0,0,0,1,0,0,0,0,1
0.9347826086956521,0,1,0.6519310564953718,0,0,0,1,0,0,0,1,1,0,0,0
0.15217391304347827,0,1,0.8353016278327481,0,0,0,1,0,0,1,0,0,0,1,0
0.9130434782608696,0,1,0.4066390041493775,0,0,0,1,0,0,1,0,0,0,0,1
0.0,1,0,0.24864347270986276,1,0,0,0,0,0,1,0,1,0,0,0
0.5434782608695652,0,1,0.2789658474305776,0,1,0,0,0,0,0,1,0,1,0,0
0.7173913043478262,0,1,0.6064474944142995,0,1,0,0,0,0,0,1,1,0,0,0
0.19565217391304346,1,0,0.955633578040217,0,1,0,0,0,0,1,0,0,0,0,1
0.043478260869565244,1,0,0.1927864666453878,0,0,0,1,0,0,1,0,0,0,0,1
0.4347826086956522,0,1,0.3842962017235876,0,0,1,0,0,0,1,0,0,0,0,1
0.3695652173913043,0,1,0.6351739546760293,0,1,0,0,0,0,1,0,0,0,1,0
